Position,Const,Created,Modified,Description,Title,URL,Title Type,IMDb Rating,Runtime (mins),Year,Genres,Num Votes,Release Date,Directors
1,tt0111161,2019-03-07,2019-03-07,,"The Shawshank Redemption",https://www.imdb.com/title/tt0111161/,Movie,9.3,142,1994,"Drama",2893698,1994-10-14,"Frank Darabont"
2,tt0068646,2019-03-07,2019-03-07,,"The Godfather",https://www.imdb.com/title/tt0068646/,Movie,9.2,175,1972,"Crime, Drama",2016240,1972-03-24,"Francis Ford Coppola"
3,tt0468569,2019-03-07,2019-03-07,,"The Dark Knight",https://www.imdb.com/title/tt0468569/,Movie,9.0,152,2008,"Action, Crime, Drama, Thriller",2875372,2008-08-14,"Christopher Nolan"
4,tt0071562,2019-03-07,2019-03-07,,"The Godfather Part II",https://www.imdb.com/title/tt0071562/,Movie,9.0,202,1974,"Crime, Drama",1366262,1974-12-18,"Francis Ford Coppola"
5,tt0167260,2019-03-07,2019-03-07,,"The Lord of the Rings: The Return of the King",https://www.imdb.com/title/tt0167260/,Movie,9.0,201,2004,"Action, Adventure, Drama, Fantasy",1982235,2004-01-22,"Peter Jackson"
6,tt0110912,2019-03-07,2019-03-07,,"Pulp Fiction",https://www.imdb.com/title/tt0110912/,Movie,8.9,154,1995,"Crime, Drama",2224030,1995-09-29,"Quentin Tarantino"
7,tt0108052,2019-03-07,2019-03-07,,"Schindler's List",https://www.imdb.com/title/tt0108052/,Movie,9.0,195,1994,"Biography, Drama, History",1453247,1994-05-21,"Steven Spielberg"
8,tt0060196,2019-03-07,2019-03-07,,"Il buono, il brutto, il cattivo",https://www.imdb.com/title/tt0060196/,Movie,8.8,161,1966,"Adventure, Drama, Western",812373,1966-12-23,"Sergio Leone"
9,tt0050083,2019-03-07,2019-03-07,,"12 Angry Men",https://www.imdb.com/title/tt0050083/,Movie,9.0,96,1961,"Crime, Drama",866848,1961-11-13,"Sidney Lumet"
10,tt1375666,2019-03-07,2019-03-07,,"Inception",https://www.imdb.com/title/tt1375666/,Movie,8.8,148,2010,"Action, Adventure, Sci-Fi, Thriller",2555105,2010-07-22,"Christopher Nolan"
11,tt0137523,2019-03-07,2019-03-07,,"Fight Club",https://www.imdb.com/title/tt0137523/,Movie,8.8,139,2000,"Drama",2328426,2000-01-13,"David Fincher"
12,tt0120737,2019-03-07,2019-03-07,,"The Lord of the Rings: The Fellowship of the Ring",https://www.imdb.com/title/tt0120737/,Movie,8.9,178,2002,"Action, Adventure, Drama, Fantasy",2010249,2002-03-01,"Peter Jackson"
13,tt0109830,2019-03-07,2019-03-07,,"Forrest Gump",https://www.imdb.com/title/tt0109830/,Movie,8.8,142,2020,"Drama, Romance",2261240,2020-02-13,"Robert Zemeckis"
14,tt0080684,2019-03-07,2019-03-07,,"Star Wars: Episode V - The Empire Strikes Back",https://www.imdb.com/title/tt0080684/,Movie,8.7,124,1990,"Action, Adventure, Fantasy, Sci-Fi",1381878,1990-07-14,"Irvin Kershner"
15,tt6316138,2019-03-07,2019-03-07,,"Ayla: The Daughter of War",https://www.imdb.com/title/tt6316138/,Movie,8.2,125,2017,"Biography, Drama, History, War",43852,2017-10-27,"Can Ulkay"
16,tt0167261,2019-03-07,2019-03-07,,"The Lord of the Rings: The Two Towers",https://www.imdb.com/title/tt0167261/,Movie,8.8,179,2003,"Action, Adventure, Drama, Fantasy",1786601,2003-01-23,"Peter Jackson"
17,tt0133093,2019-03-07,2019-03-07,,"The Matrix",https://www.imdb.com/title/tt0133093/,Movie,8.7,136,1999,"Action, Sci-Fi",2056717,1999-10-14,"Lana Wachowski, Lilly Wachowski"
18,tt0099685,2019-03-07,2019-03-07,,"Goodfellas",https://www.imdb.com/title/tt0099685/,Movie,8.7,145,1990,"Biography, Crime, Drama",1259370,1990-09-21,"Martin Scorsese"
19,tt0073486,2019-03-07,2019-03-07,,"One Flew Over the Cuckoo's Nest",https://www.imdb.com/title/tt0073486/,Movie,8.7,133,1988,"Drama",1073709,1988-02,"Milos Forman"
20,tt0047478,2019-03-07,2019-03-07,,"Shichinin no samurai",https://www.imdb.com/title/tt0047478/,Movie,8.6,207,1954,"Action, Drama",367272,1954-04-26,"Akira Kurosawa"
21,tt4633694,2019-03-07,2019-03-07,,"Spider-Man: Into the Spider-Verse",https://www.imdb.com/title/tt4633694/,Movie,8.4,117,2018,"Animation, Action, Adventure, Comedy, Family, Fantasy, Sci-Fi",673378,2018-12-13,"Bob Persichetti, Peter Ramsey, Rodney Rothman"
22,tt0816692,2019-03-07,2019-03-07,,"Interstellar",https://www.imdb.com/title/tt0816692/,Movie,8.7,169,2014,"Adventure, Drama, Sci-Fi",2105838,2014-11-06,"Christopher Nolan"
23,tt0317248,2019-03-07,2019-03-07,,"Cidade de Deus",https://www.imdb.com/title/tt0317248/,Movie,8.6,130,2002,"Crime, Drama",802138,2002,"Fernando Meirelles, Kátia Lund"
24,tt0245429,2019-03-07,2019-03-07,,"Sen to Chihiro no kamikakushi",https://www.imdb.com/title/tt0245429/,Movie,8.6,125,2002,"Animation, Adventure, Family, Fantasy, Mystery",851352,2002-12-31,"Hayao Miyazaki"
25,tt0120815,2019-03-07,2019-03-07,,"Saving Private Ryan",https://www.imdb.com/title/tt0120815/,Movie,8.6,169,1998,"Drama, War",1498516,1998-10-09,"Steven Spielberg"
26,tt0118799,2019-03-07,2019-03-07,,"La vita è bella",https://www.imdb.com/title/tt0118799/,Movie,8.6,116,1999,"Comedy, Drama, Romance, War",744377,1999-07-16,"Roberto Benigni"
27,tt0114814,2019-03-07,2019-03-07,,"The Usual Suspects",https://www.imdb.com/title/tt0114814/,Movie,8.5,106,1995,"Crime, Drama, Mystery, Thriller",1146947,1995-08-16,"Bryan Singer"
28,tt0114369,2019-03-07,2019-03-07,,"Se7en",https://www.imdb.com/title/tt0114369/,Movie,8.6,127,1995,"Crime, Drama, Mystery, Thriller",1802177,1995-09-22,"David Fincher"
29,tt0110413,2019-03-07,2019-03-07,,"Léon",https://www.imdb.com/title/tt0110413/,Movie,8.5,110,1998,"Action, Crime, Drama, Thriller",1247722,1998-09-23,"Luc Besson"
30,tt0102926,2019-03-07,2019-03-07,,"The Silence of the Lambs",https://www.imdb.com/title/tt0102926/,Movie,8.6,118,2021,"Crime, Drama, Thriller",1550835,2021-09-16,"Jonathan Demme"
31,tt0076759,2019-03-07,2019-03-07,,"Star Wars",https://www.imdb.com/title/tt0076759/,Movie,8.6,121,1990,"Action, Adventure, Fantasy, Sci-Fi",1451760,1990-09,"George Lucas"
32,tt0038650,2019-03-07,2019-03-07,,"It's a Wonderful Life",https://www.imdb.com/title/tt0038650/,Movie,8.6,130,1947,"Drama, Family, Fantasy, Romance",499744,1947-01-07,"Frank Capra"
33,tt4154756,2019-03-07,2019-03-07,,"Avengers: Infinity War",https://www.imdb.com/title/tt4154756/,Movie,8.4,149,2018,"Action, Adventure, Sci-Fi",1205863,2018-05-03,"Anthony Russo, Joe Russo"
34,tt2582802,2019-03-07,2019-03-07,,"Whiplash",https://www.imdb.com/title/tt2582802/,Movie,8.5,106,2014,"Drama, Music",992119,2014-10-23,"Damien Chazelle"
35,tt1675434,2019-03-07,2019-03-07,,"Intouchables",https://www.imdb.com/title/tt1675434/,Movie,8.5,112,2012,"Comedy, Drama",931133,2012-04-26,"Olivier Nakache, Éric Toledano"
36,tt0482571,2019-03-07,2019-03-07,,"The Prestige",https://www.imdb.com/title/tt0482571/,Movie,8.5,130,2007,"Drama, Mystery, Sci-Fi, Thriller",1443418,2007-01-18,"Christopher Nolan"
37,tt0407887,2019-03-07,2019-03-07,,"The Departed",https://www.imdb.com/title/tt0407887/,Movie,8.5,151,2006,"Crime, Drama, Thriller",1424296,2006-10-05,"Martin Scorsese"
38,tt0253474,2019-03-07,2019-03-07,,"The Pianist",https://www.imdb.com/title/tt0253474/,Movie,8.5,150,2003,"Biography, Drama, Music, War",914175,2003-05-01,"Roman Polanski"
39,tt0209144,2019-03-07,2019-03-07,,"Memento",https://www.imdb.com/title/tt0209144/,Movie,8.4,113,2001,"Mystery, Thriller",1324699,2001-06-27,"Christopher Nolan"
40,tt0172495,2019-03-07,2019-03-07,,"Gladiator",https://www.imdb.com/title/tt0172495/,Movie,8.5,155,2000,"Action, Adventure, Drama",1623037,2000-05-18,"Ridley Scott"
41,tt0120689,2019-03-07,2019-03-07,,"The Green Mile",https://www.imdb.com/title/tt0120689/,Movie,8.6,189,2000,"Crime, Drama, Fantasy, Mystery",1409892,2000-04-18,"Frank Darabont"
42,tt0120586,2019-03-07,2019-03-07,,"American History X",https://www.imdb.com/title/tt0120586/,Movie,8.5,119,1998,"Crime, Drama",1187685,1998-11-20,"Tony Kaye"
43,tt0110357,2019-03-07,2019-03-07,,"The Lion King",https://www.imdb.com/title/tt0110357/,Movie,8.5,88,1995,"Animation, Adventure, Drama, Family, Musical",1144286,1995-01-20,"Roger Allers, Rob Minkoff"
44,tt0103064,2019-03-07,2019-03-07,,"Terminator 2: Judgment Day",https://www.imdb.com/title/tt0103064/,Movie,8.6,137,1991,"Action, Adventure, Sci-Fi",1175762,1991-07-03,"James Cameron"
45,tt0095765,2019-03-07,2019-03-07,,"Nuovo Cinema Paradiso",https://www.imdb.com/title/tt0095765/,Movie,8.5,174,1988,"Drama, Romance",283365,1988-11-17,"Giuseppe Tornatore"
46,tt0095327,2019-03-07,2019-03-07,,"Hotaru no haka",https://www.imdb.com/title/tt0095327/,Movie,8.5,89,1990,"Animation, Drama, War",311154,1990,"Isao Takahata"
47,tt0088763,2019-03-07,2019-03-07,,"Back to the Future",https://www.imdb.com/title/tt0088763/,Movie,8.5,116,1991,"Adventure, Comedy, Sci-Fi",1308862,1991-12-27,"Robert Zemeckis"
48,tt0082971,2019-03-07,2019-03-07,,"Raiders of the Lost Ark",https://www.imdb.com/title/tt0082971/,Movie,8.4,115,1981,"Action, Adventure",1038149,1981-06-15,"Steven Spielberg"
49,tt0078788,2019-03-07,2019-03-07,,"Apocalypse Now",https://www.imdb.com/title/tt0078788/,Movie,8.4,147,1979,"Drama, Mystery, War",711267,1979-08-15,"Francis Ford Coppola"
50,tt0078748,2019-03-07,2019-03-07,,"Alien",https://www.imdb.com/title/tt0078748/,Movie,8.5,117,1979,"Horror, Sci-Fi",952766,1979-05-28,"Ridley Scott"
51,tt0064116,2019-03-07,2019-03-07,,"C'era una volta il West",https://www.imdb.com/title/tt0064116/,Movie,8.5,166,1968,"Drama, Western",349454,1968-12-21,"Sergio Leone"
52,tt0054215,2019-03-07,2019-03-07,,"Psycho",https://www.imdb.com/title/tt0054215/,Movie,8.5,109,1960,"Horror, Mystery, Thriller",719321,1960-09-08,"Alfred Hitchcock"
53,tt0047396,2019-03-07,2019-03-07,,"Rear Window",https://www.imdb.com/title/tt0047396/,Movie,8.5,112,1954,"Mystery, Thriller",522847,1954-09-01,"Alfred Hitchcock"
54,tt0034583,2019-03-07,2019-03-07,,"Casablanca",https://www.imdb.com/title/tt0034583/,Movie,8.5,102,1943,"Drama, Romance, War",606754,1943-01-23,"Michael Curtiz"
55,tt0032553,2019-03-07,2019-03-07,,"The Great Dictator",https://www.imdb.com/title/tt0032553/,Movie,8.4,125,2019,"Comedy, Drama, War",237620,2019-11-21,"Charles Chaplin"
56,tt0027977,2019-03-07,2019-03-07,,"Modern Times",https://www.imdb.com/title/tt0027977/,Movie,8.5,87,1936,"Comedy, Drama, Romance",259838,1936-07-13,"Charles Chaplin"
57,tt0021749,2019-03-07,2019-03-07,,"City Lights",https://www.imdb.com/title/tt0021749/,Movie,8.5,87,1936,"Comedy, Drama, Romance",196291,1936-09-05,"Charles Chaplin"
58,tt5311514,2019-03-07,2019-03-07,,"Kimi no na wa.",https://www.imdb.com/title/tt5311514/,Movie,8.4,106,2017,"Animation, Drama, Fantasy, Romance",321527,2017-09-07,"Makoto Shinkai"
59,tt2380307,2019-03-07,2019-03-07,,"Coco",https://www.imdb.com/title/tt2380307/,Movie,8.4,105,2017,"Animation, Adventure, Drama, Family, Fantasy, Music, Mystery",592146,2017-11-23,"Lee Unkrich, Adrian Molina"
60,tt1853728,2019-03-07,2019-03-07,,"Django Unchained",https://www.imdb.com/title/tt1853728/,Movie,8.5,165,2013,"Comedy, Drama, Western",1698311,2013-01-17,"Quentin Tarantino"
61,tt1345836,2019-03-07,2019-03-07,,"The Dark Knight Rises",https://www.imdb.com/title/tt1345836/,Movie,8.4,164,2012,"Action, Drama, Thriller",1830290,2012-07-26,"Christopher Nolan"
62,tt0910970,2019-03-07,2019-03-07,,"WALL·E",https://www.imdb.com/title/tt0910970/,Movie,8.4,98,2008,"Animation, Adventure, Family, Sci-Fi",1202108,2008-07-03,"Andrew Stanton"
63,tt0476735,2019-03-07,2019-03-07,,"Babam ve Oglum",https://www.imdb.com/title/tt0476735/,Movie,8.2,112,2005,"Drama, Family",92718,2005-11-18,"Çagan Irmak"
64,tt0405094,2019-03-07,2019-03-07,,"Das Leben der Anderen",https://www.imdb.com/title/tt0405094/,Movie,8.4,137,2007,"Drama, Mystery, Thriller",410936,2007-07-19,"Florian Henckel von Donnersmarck"
65,tt0364569,2019-03-07,2019-03-07,,"Oldeuboi",https://www.imdb.com/title/tt0364569/,Movie,8.3,120,2004,"Action, Drama, Mystery, Thriller",637011,2004-11-17,"Park Chan-wook"
66,tt0169547,2019-03-07,2019-03-07,,"American Beauty",https://www.imdb.com/title/tt0169547/,Movie,8.3,122,2000,"Drama",1212184,2000-03-22,"Sam Mendes"
67,tt0119698,2019-03-07,2019-03-07,,"Mononoke-hime",https://www.imdb.com/title/tt0119698/,Movie,8.3,134,2010,"Animation, Action, Adventure, Fantasy",434552,2010-06-24,"Hayao Miyazaki"
68,tt0112573,2019-03-07,2019-03-07,,"Braveheart",https://www.imdb.com/title/tt0112573/,Movie,8.3,178,1995,"Biography, Drama, War",1092560,1995-05-24,"Mel Gibson"
69,tt0090605,2019-03-07,2019-03-07,,"Aliens",https://www.imdb.com/title/tt0090605/,Movie,8.4,137,1994,"Action, Adventure, Sci-Fi, Thriller",764235,1994-03-25,"James Cameron"
70,tt0087843,2019-03-07,2019-03-07,,"Once Upon a Time in America",https://www.imdb.com/title/tt0087843/,Movie,8.3,229,1984,"Crime, Drama",378283,1984-06-01,"Sergio Leone"
71,tt0082096,2019-03-07,2019-03-07,,"Das Boot",https://www.imdb.com/title/tt0082096/,Movie,8.4,149,1982,"Drama, War",264605,1982-02-17,"Wolfgang Petersen"
72,tt0081505,2019-03-07,2019-03-07,,"The Shining",https://www.imdb.com/title/tt0081505/,Movie,8.4,146,2020,"Drama, Horror",1108507,2020-10-29,"Stanley Kubrick"
73,tt0057012,2019-03-07,2019-03-07,,"Dr. Strangelove or: How I Learned to Stop Worrying and Love the Bomb",https://www.imdb.com/title/tt0057012/,Movie,8.4,95,1964,"Comedy, War",518832,1964-01-29,"Stanley Kubrick"
74,tt0051201,2019-03-07,2019-03-07,,"Witness for the Prosecution",https://www.imdb.com/title/tt0051201/,Movie,8.4,116,1962,"Crime, Drama, Mystery, Thriller",138110,1962-04-02,"Billy Wilder"
75,tt0050825,2019-03-07,2019-03-07,,"Paths of Glory",https://www.imdb.com/title/tt0050825/,Movie,8.4,88,1957,"Drama, War",212644,1957-12-25,"Stanley Kubrick"
76,tt0043014,2019-03-07,2019-03-07,,"Sunset Blvd.",https://www.imdb.com/title/tt0043014/,Movie,8.4,110,1950,"Drama, Film-Noir",236735,1950-08-04,"Billy Wilder"
77,tt6966692,2019-03-07,2019-03-07,,"Green Book",https://www.imdb.com/title/tt6966692/,Movie,8.2,130,2019,"Biography, Comedy, Drama, Music",574009,2019-01-24,"Peter Farrelly"
78,tt2106476,2019-03-07,2019-03-07,,"Jagten",https://www.imdb.com/title/tt2106476/,Movie,8.3,115,2013,"Drama",365010,2013-02-21,"Thomas Vinterberg"
79,tt1255953,2019-03-07,2019-03-07,,"Incendies",https://www.imdb.com/title/tt1255953/,Movie,8.3,131,2011,"Drama, Mystery, War",200962,2011-12-15,"Denis Villeneuve"
80,tt1049413,2019-03-07,2019-03-07,,"Up",https://www.imdb.com/title/tt1049413/,Movie,8.3,96,2009,"Animation, Adventure, Comedy, Drama, Family",1126658,2009-05-28,"Pete Docter, Bob Peterson"
81,tt0435761,2019-03-07,2019-03-07,,"Toy Story 3",https://www.imdb.com/title/tt0435761/,Movie,8.3,103,2010,"Animation, Adventure, Comedy, Family, Fantasy",893552,2010-06-17,"Lee Unkrich"
82,tt0361748,2019-03-07,2019-03-07,,"Inglourious Basterds",https://www.imdb.com/title/tt0361748/,Movie,8.4,153,2009,"Adventure, Drama, War",1587198,2009-08-20,"Quentin Tarantino"
83,tt0338013,2019-03-07,2019-03-07,,"Eternal Sunshine of the Spotless Mind",https://www.imdb.com/title/tt0338013/,Movie,8.3,108,2004,"Drama, Romance, Sci-Fi",1079595,2004-04-29,"Michel Gondry"
84,tt0211915,2019-03-07,2019-03-07,,"Le fabuleux destin d'Amélie Poulain",https://www.imdb.com/title/tt0211915/,Movie,8.3,122,2001,"Comedy, Romance",795016,2001-09-20,"Jean-Pierre Jeunet"
85,tt0208092,2019-03-07,2019-03-07,,"Snatch",https://www.imdb.com/title/tt0208092/,Movie,8.2,104,2001,"Comedy, Crime",912090,2001-05-10,"Guy Ritchie"
86,tt0180093,2019-03-07,2019-03-07,,"Requiem for a Dream",https://www.imdb.com/title/tt0180093/,Movie,8.3,102,2001,"Drama",899929,2001-04-19,"Darren Aronofsky"
87,tt0119488,2019-03-07,2019-03-07,,"L.A. Confidential",https://www.imdb.com/title/tt0119488/,Movie,8.2,138,1998,"Crime, Drama, Mystery, Thriller",618659,1998-02-17,"Curtis Hanson"
88,tt0119217,2019-03-07,2019-03-07,,"Good Will Hunting",https://www.imdb.com/title/tt0119217/,Movie,8.3,126,1998,"Drama, Romance",1070574,1998-01-09,"Gus Van Sant"
89,tt0116231,2019-03-07,2019-03-07,,"Eskiya",https://www.imdb.com/title/tt0116231/,Movie,8.1,128,1996,"Crime, Drama, Thriller",72287,1996-11-29,"Yavuz Turgul"
90,tt0114709,2019-03-07,2019-03-07,,"Toy Story",https://www.imdb.com/title/tt0114709/,Movie,8.3,81,1995,"Animation, Adventure, Comedy, Family, Fantasy",1070134,1995-12-22,"John Lasseter"
91,tt0105236,2019-03-07,2019-03-07,,"Reservoir Dogs",https://www.imdb.com/title/tt0105236/,Movie,8.3,99,1994,"Crime, Thriller",1089665,1994-09-19,"Quentin Tarantino"
92,tt0093058,2019-03-07,2019-03-07,,"Full Metal Jacket",https://www.imdb.com/title/tt0093058/,Movie,8.3,116,1987,"Drama, War",791380,1987-07-10,"Stanley Kubrick"
93,tt0086879,2019-03-07,2019-03-07,,"Amadeus",https://www.imdb.com/title/tt0086879/,Movie,8.4,160,1988,"Biography, Drama, Music",428686,1988,"Milos Forman"
94,tt0086250,2019-03-07,2019-03-07,,"Scarface",https://www.imdb.com/title/tt0086250/,Movie,8.3,170,1983,"Crime, Drama",917945,1983-12-09,"Brian De Palma"
95,tt0086190,2019-03-07,2019-03-07,,"Star Wars: Episode VI - Return of the Jedi",https://www.imdb.com/title/tt0086190/,Movie,8.3,131,1990,"Action, Adventure, Fantasy, Sci-Fi",1122988,1990-12-25,"Richard Marquand"
96,tt0075314,2019-03-07,2019-03-07,,"Taxi Driver",https://www.imdb.com/title/tt0075314/,Movie,8.2,114,2021,"Crime, Drama",922326,2021-06-24,"Martin Scorsese"
97,tt0071853,2019-03-07,2019-03-07,,"Monty Python and the Holy Grail",https://www.imdb.com/title/tt0071853/,Movie,8.2,91,1979,"Adventure, Comedy, Fantasy",570840,1979-12-10,"Terry Gilliam, Terry Jones"
98,tt0070735,2019-03-07,2019-03-07,,"The Sting",https://www.imdb.com/title/tt0070735/,Movie,8.3,129,1973,"Comedy, Crime, Drama",280208,1973-12-25,"George Roy Hill"
99,tt0066921,2019-03-07,2019-03-07,,"A Clockwork Orange",https://www.imdb.com/title/tt0066921/,Movie,8.3,136,1972,"Crime, Sci-Fi",882255,1972-01-13,"Stanley Kubrick"
100,tt0062622,2019-03-07,2019-03-07,,"2001: A Space Odyssey",https://www.imdb.com/title/tt0062622/,Movie,8.3,149,2018,"Adventure, Sci-Fi",720561,2018-08-30,"Stanley Kubrick"
101,tt0059578,2019-03-07,2019-03-07,,"Per qualche dollaro in più",https://www.imdb.com/title/tt0059578/,Movie,8.2,132,2023,"Drama, Western",275063,2023-07-01,"Sergio Leone"
102,tt0056592,2019-03-07,2019-03-07,,"To Kill a Mockingbird",https://www.imdb.com/title/tt0056592/,Movie,8.3,129,1966,"Crime, Drama",333224,1966-12-12,"Robert Mulligan"
103,tt0056172,2019-03-07,2019-03-07,,"Lawrence of Arabia",https://www.imdb.com/title/tt0056172/,Movie,8.3,218,1962,"Adventure, Biography, Drama, War",314772,1962-12-11,"David Lean"
104,tt0055630,2019-03-07,2019-03-07,,"Yôjinbô",https://www.imdb.com/title/tt0055630/,Movie,8.2,110,1961,"Action, Drama, Thriller",131523,1961-04-25,"Akira Kurosawa"
105,tt0053604,2019-03-07,2019-03-07,,"The Apartment",https://www.imdb.com/title/tt0053604/,Movie,8.3,125,1960,"Comedy, Drama, Romance",197154,1960-06-29,"Billy Wilder"
106,tt0053125,2019-03-07,2019-03-07,,"North by Northwest",https://www.imdb.com/title/tt0053125/,Movie,8.3,136,1959,"Action, Adventure, Mystery, Thriller",346566,1959-12-18,"Alfred Hitchcock"
107,tt0052357,2019-03-07,2019-03-07,,"Vertigo",https://www.imdb.com/title/tt0052357/,Movie,8.3,128,1958,"Mystery, Romance, Thriller",427587,1958-05-28,"Alfred Hitchcock"
108,tt0045152,2019-03-07,2019-03-07,,"Singin' in the Rain",https://www.imdb.com/title/tt0045152/,Movie,8.3,103,1952,"Comedy, Musical, Romance",261016,1952-04-10,"Stanley Donen, Gene Kelly"
109,tt0044741,2019-03-07,2019-03-07,,"Ikiru",https://www.imdb.com/title/tt0044741/,Movie,8.3,143,1952,"Drama",87744,1952-10-09,"Akira Kurosawa"
110,tt0042876,2019-03-07,2019-03-07,,"Rashômon",https://www.imdb.com/title/tt0042876/,Movie,8.2,88,1966,"Crime, Drama, Mystery",180757,1966-10-10,"Akira Kurosawa"
111,tt0042192,2019-03-07,2019-03-07,,"All About Eve",https://www.imdb.com/title/tt0042192/,Movie,8.2,138,1960,"Drama",138915,1960-05-30,"Joseph L. Mankiewicz"
112,tt0040522,2019-03-07,2019-03-07,,"Ladri di biciclette",https://www.imdb.com/title/tt0040522/,Movie,8.3,89,1950,"Drama",175389,1950-05-11,"Vittorio De Sica"
113,tt0036775,2019-03-07,2019-03-07,,"Double Indemnity",https://www.imdb.com/title/tt0036775/,Movie,8.3,107,1944,"Crime, Drama, Film-Noir, Mystery, Thriller",167666,1944-07-06,"Billy Wilder"
114,tt0033467,2019-03-07,2019-03-07,,"Citizen Kane",https://www.imdb.com/title/tt0033467/,Movie,8.3,119,1941,"Drama, Mystery",466434,1941-09-05,"Orson Welles"
115,tt0022100,2019-03-07,2019-03-07,,"M - Eine Stadt sucht einen Mörder",https://www.imdb.com/title/tt0022100/,Movie,8.3,117,1931,"Crime, Mystery, Thriller",168666,1931-08-31,"Fritz Lang"
116,tt0017136,2019-03-07,2019-03-07,,"Metropolis",https://www.imdb.com/title/tt0017136/,Movie,8.3,153,1927,"Drama, Sci-Fi",185743,1927-02-06,"Fritz Lang"
117,tt0012349,2019-03-07,2019-03-07,,"The Kid",https://www.imdb.com/title/tt0012349/,Movie,8.2,68,1929,"Comedy, Drama, Family",135017,1929-11-20,"Charles Chaplin"
118,tt5027774,2019-03-07,2019-03-07,,"Three Billboards Outside Ebbing, Missouri",https://www.imdb.com/title/tt5027774/,Movie,8.1,115,2018,"Comedy, Crime, Drama",555857,2018-02-01,"Martin McDonagh"
119,tt3170832,2019-03-07,2019-03-07,,"Room",https://www.imdb.com/title/tt3170832/,Movie,8.1,118,2015,"Drama, Thriller",451078,2015-12-10,"Lenny Abrahamson"
120,tt2991224,2019-03-07,2019-03-07,,"Mandariinid",https://www.imdb.com/title/tt2991224/,Movie,8.1,87,2013,"Drama, War",49044,2013-10-17,"Zaza Urushadze"
121,tt2758880,2019-03-07,2019-03-07,,"Kis Uykusu",https://www.imdb.com/title/tt2758880/,Movie,8.0,196,2014,"Drama",55635,2014-06-13,"Nuri Bilge Ceylan"
122,tt2140203,2019-03-07,2019-03-07,,"Ôkami kodomo no Ame to Yuki",https://www.imdb.com/title/tt2140203/,Movie,8.1,117,2012,"Animation, Drama, Family, Fantasy",49588,2012-07-21,"Mamoru Hosoda"
123,tt2096673,2019-03-07,2019-03-07,,"Inside Out",https://www.imdb.com/title/tt2096673/,Movie,8.1,95,2015,"Animation, Adventure, Comedy, Drama, Family, Fantasy",786883,2015-06-18,"Pete Docter, Ronnie Del Carmen"
124,tt1305806,2019-03-07,2019-03-07,,"El secreto de sus ojos",https://www.imdb.com/title/tt1305806/,Movie,8.2,129,2010,"Drama, Mystery, Romance, Thriller",222675,2010-09-30,"Juan José Campanella"
125,tt1291584,2019-03-07,2019-03-07,,"Warrior",https://www.imdb.com/title/tt1291584/,Movie,8.1,140,2011,"Action, Drama, Sport",498395,2011-09-09,"Gavin O'Connor"
126,tt0993846,2019-03-07,2019-03-07,,"The Wolf of Wall Street",https://www.imdb.com/title/tt0993846/,Movie,8.2,180,2014,"Biography, Comedy, Crime, Drama",1586464,2014-02-06,"Martin Scorsese"
127,tt0469494,2019-03-07,2019-03-07,,"There Will Be Blood",https://www.imdb.com/title/tt0469494/,Movie,8.2,158,2008,"Drama",642001,2008-02-28,"Paul Thomas Anderson"
128,tt0457430,2019-03-07,2019-03-07,,"El laberinto del fauno",https://www.imdb.com/title/tt0457430/,Movie,8.2,118,2006,"Drama, Fantasy, War",703651,2006-11-30,"Guillermo del Toro"
129,tt0434409,2019-03-07,2019-03-07,,"V for Vendetta",https://www.imdb.com/title/tt0434409/,Movie,8.2,132,2006,"Action, Drama, Sci-Fi, Thriller",1180463,2006-04-20,"James McTeigue"
130,tt0372784,2019-03-07,2019-03-07,,"Batman Begins",https://www.imdb.com/title/tt0372784/,Movie,8.2,140,2005,"Action, Crime, Drama",1580660,2005-06-16,"Christopher Nolan"
131,tt0363163,2019-03-07,2019-03-07,,"Der Untergang",https://www.imdb.com/title/tt0363163/,Movie,8.2,156,2004,"Biography, Drama, History, War",375671,2004-09-16,"Oliver Hirschbiegel"
132,tt0347149,2019-03-07,2019-03-07,,"Hauru no ugoku shiro",https://www.imdb.com/title/tt0347149/,Movie,8.2,119,2005,"Animation, Adventure, Family, Fantasy",450656,2005-08-25,"Hayao Miyazaki"
133,tt0268978,2019-03-07,2019-03-07,,"A Beautiful Mind",https://www.imdb.com/title/tt0268978/,Movie,8.2,135,2002,"Biography, Drama, Mystery",988331,2002-02-27,"Ron Howard"
134,tt0120735,2019-03-07,2019-03-07,,"Lock, Stock and Two Smoking Barrels",https://www.imdb.com/title/tt0120735/,Movie,8.1,107,2013,"Action, Comedy, Crime",616970,2013-07-25,"Guy Ritchie"
135,tt0117951,2019-03-07,2019-03-07,,"Trainspotting",https://www.imdb.com/title/tt0117951/,Movie,8.1,93,1996,"Drama",726501,1996-05-24,"Danny Boyle"
136,tt0113277,2019-03-07,2019-03-07,,"Heat",https://www.imdb.com/title/tt0113277/,Movie,8.3,170,1996,"Action, Crime, Drama",720513,1996-03-16,"Michael Mann"
137,tt0112641,2019-03-07,2019-03-07,,"Casino",https://www.imdb.com/title/tt0112641/,Movie,8.2,178,1995,"Crime, Drama",564908,1995-11-22,"Martin Scorsese"
138,tt0105695,2019-03-07,2019-03-07,,"Unforgiven",https://www.imdb.com/title/tt0105695/,Movie,8.2,130,1992,"Drama, Western",436678,1992-08-07,"Clint Eastwood"
139,tt0097576,2019-03-07,2019-03-07,,"Indiana Jones and the Last Crusade",https://www.imdb.com/title/tt0097576/,Movie,8.2,127,1989,"Action, Adventure",812123,1989-07-22,"Steven Spielberg"
140,tt0096283,2019-03-07,2019-03-07,,"Tonari no Totoro",https://www.imdb.com/title/tt0096283/,Movie,8.1,86,1988,"Animation, Comedy, Family, Fantasy",381177,1988-04-16,"Hayao Miyazaki"
141,tt0095016,2019-03-07,2019-03-07,,"Die Hard",https://www.imdb.com/title/tt0095016/,Movie,8.2,132,1988,"Action, Thriller",946778,1988-07-20,"John McTiernan"
142,tt0091251,2019-03-07,2019-03-07,,"Idi i smotri",https://www.imdb.com/title/tt0091251/,Movie,8.4,142,1986,"Drama, Thriller, War",97604,1986-01,"Elem Klimov"
143,tt0089881,2019-03-07,2019-03-07,,"Ran",https://www.imdb.com/title/tt0089881/,Movie,8.2,160,1985,"Action, Drama, War",136428,1985-06-01,"Akira Kurosawa"
144,tt0083658,2019-03-07,2019-03-07,,"Blade Runner",https://www.imdb.com/title/tt0083658/,Movie,8.1,117,1982,"Action, Drama, Sci-Fi, Thriller",824070,1982-06-25,"Ridley Scott"
145,tt0081398,2019-03-07,2019-03-07,,"Raging Bull",https://www.imdb.com/title/tt0081398/,Movie,8.1,129,1980,"Biography, Drama, Sport",380707,1980-12-19,"Martin Scorsese"
146,tt0080678,2019-03-07,2019-03-07,,"The Elephant Man",https://www.imdb.com/title/tt0080678/,Movie,8.2,124,1980,"Biography, Drama",258745,1980-10-10,"David Lynch"
147,tt0071315,2019-03-07,2019-03-07,,"Chinatown",https://www.imdb.com/title/tt0071315/,Movie,8.1,130,1974,"Drama, Mystery, Thriller",350310,1974-06-20,"Roman Polanski"
148,tt0060107,2019-03-07,2019-03-07,,"Andrey Rublyov",https://www.imdb.com/title/tt0060107/,Movie,8.0,189,1971,"Biography, Drama, History",57119,1971-12-24,"Andrei Tarkovsky"
149,tt0057115,2019-03-07,2019-03-07,,"The Great Escape",https://www.imdb.com/title/tt0057115/,Movie,8.2,172,1963,"Adventure, Drama, Thriller, War",259210,1963-07-04,"John Sturges"
150,tt0055031,2019-03-07,2019-03-07,,"Judgment at Nuremberg",https://www.imdb.com/title/tt0055031/,Movie,8.3,179,1965,"Drama, War",85667,1965-11-15,"Stanley Kramer"
151,tt0053291,2019-03-07,2019-03-07,,"Some Like It Hot",https://www.imdb.com/title/tt0053291/,Movie,8.2,121,1966,"Comedy, Music, Romance",283867,1966-08-22,"Billy Wilder"
152,tt0050986,2019-03-07,2019-03-07,,"Smultronstället",https://www.imdb.com/title/tt0050986/,Movie,8.1,91,1965,"Drama, Romance",115139,1965-10,"Ingmar Bergman"
153,tt0050976,2019-03-07,2019-03-07,,"Det sjunde inseglet",https://www.imdb.com/title/tt0050976/,Movie,8.1,96,1957,"Drama, Fantasy",198760,1957-02-16,"Ingmar Bergman"
154,tt0050212,2019-03-07,2019-03-07,,"The Bridge on the River Kwai",https://www.imdb.com/title/tt0050212/,Movie,8.1,161,1957,"Adventure, Drama, War",233546,1957-10-11,"David Lean"
155,tt0047296,2019-03-07,2019-03-07,,"On the Waterfront",https://www.imdb.com/title/tt0047296/,Movie,8.1,108,1954,"Crime, Drama, Thriller",165170,1954-06-22,"Elia Kazan"
156,tt0046912,2019-03-07,2019-03-07,,"Dial M for Murder",https://www.imdb.com/title/tt0046912/,Movie,8.2,105,1954,"Crime, Thriller",189100,1954-05-29,"Alfred Hitchcock"
157,tt0046438,2019-03-07,2019-03-07,,"Tôkyô monogatari",https://www.imdb.com/title/tt0046438/,Movie,8.1,136,1953,"Drama",68772,1953-11-03,"Yasujirô Ozu"
158,tt0041959,2019-03-07,2019-03-07,,"The Third Man",https://www.imdb.com/title/tt0041959/,Movie,8.1,104,1950,"Film-Noir, Mystery, Thriller",182020,1950-02-01,"Carol Reed"
159,tt0040897,2019-03-07,2019-03-07,,"The Treasure of the Sierra Madre",https://www.imdb.com/title/tt0040897/,Movie,8.2,126,1948,"Adventure, Drama, Western",132560,1948-01-24,"John Huston"
160,tt0031679,2019-03-07,2019-03-07,,"Mr. Smith Goes to Washington",https://www.imdb.com/title/tt0031679/,Movie,8.1,129,1947,"Comedy, Drama",121510,1947-10-08,"Frank Capra"
161,tt0031381,2019-03-07,2019-03-07,,"Gone with the Wind",https://www.imdb.com/title/tt0031381/,Movie,8.2,238,1940,"Drama, Romance, War",334709,1940-01-17,"Victor Fleming, George Cukor, Sam Wood"
162,tt0019254,2019-03-07,2019-03-07,,"La passion de Jeanne d'Arc",https://www.imdb.com/title/tt0019254/,Movie,8.1,110,1928,"Biography, Drama, History",60774,1928-10-25,"Carl Theodor Dreyer"
163,tt0018455,2019-03-07,2019-03-07,,"Sunrise: A Song of Two Humans",https://www.imdb.com/title/tt0018455/,Movie,8.1,94,1927,"Drama, Romance",53901,1927-11-04,"F.W. Murnau"
164,tt0017925,2019-03-07,2019-03-07,,"The General",https://www.imdb.com/title/tt0017925/,Movie,8.1,78,1927,"Action, Adventure, Comedy, Drama, War",98271,1927-01-02,"Clyde Bruckman, Buster Keaton"
165,tt0015864,2019-03-07,2019-03-07,,"The Gold Rush",https://www.imdb.com/title/tt0015864/,Movie,8.1,95,1927,"Adventure, Comedy, Drama, Romance, Western",118787,1927-11-01,"Charles Chaplin"
166,tt0015324,2019-03-07,2019-03-07,,"Sherlock Jr.",https://www.imdb.com/title/tt0015324/,Movie,8.2,45,1924,"Action, Comedy, Romance",57159,1924-05-11,"Buster Keaton"
167,tt4857264,2019-03-07,2019-03-07,,"Contratiempo",https://www.imdb.com/title/tt4857264/,Movie,8.0,106,2018,"Crime, Drama, Mystery, Thriller",192847,2018-05-31,"Oriol Paulo"
168,tt4016934,2019-03-07,2019-03-07,,"Ah-ga-ssi",https://www.imdb.com/title/tt4016934/,Movie,8.1,145,2016,"Drama, Romance, Thriller",173303,2016-08-25,"Park Chan-wook"
169,tt3612616,2019-03-07,2019-03-07,,"Mommy",https://www.imdb.com/title/tt3612616/,Movie,8.0,139,2014,"Drama",61905,2014-11-13,"Xavier Dolan"
170,tt3315342,2019-03-07,2019-03-07,,"Logan",https://www.imdb.com/title/tt3315342/,Movie,8.1,137,2017,"Action, Drama, Sci-Fi, Thriller",832995,2017-03-02,"James Mangold"
171,tt3011894,2019-03-07,2019-03-07,,"Relatos salvajes",https://www.imdb.com/title/tt3011894/,Movie,8.1,122,2015,"Comedy, Drama, Thriller",216723,2015-01-15,"Damián Szifron"
172,tt2278388,2019-03-07,2019-03-07,,"The Grand Budapest Hotel",https://www.imdb.com/title/tt2278388/,Movie,8.1,99,2014,"Adventure, Comedy, Crime",888091,2014-03-13,"Wes Anderson"
173,tt2267998,2019-03-07,2019-03-07,,"Gone Girl",https://www.imdb.com/title/tt2267998/,Movie,8.1,149,2014,"Drama, Mystery, Thriller",1069087,2014-10-02,"David Fincher"
174,tt2119532,2019-03-07,2019-03-07,,"Hacksaw Ridge",https://www.imdb.com/title/tt2119532/,Movie,8.1,139,2016,"Biography, Drama, History, War",595604,2016-11-17,"Mel Gibson"
175,tt2024544,2019-03-07,2019-03-07,,"12 Years a Slave",https://www.imdb.com/title/tt2024544/,Movie,8.1,134,2013,"Biography, Drama, History",742021,2013-12-12,"Steve McQueen"
176,tt2015381,2019-03-07,2019-03-07,,"Guardians of the Galaxy",https://www.imdb.com/title/tt2015381/,Movie,8.0,121,2014,"Action, Adventure, Comedy, Sci-Fi",1274838,2014-07-31,"James Gunn"
177,tt1979320,2019-03-07,2019-03-07,,"Rush",https://www.imdb.com/title/tt1979320/,Movie,8.1,123,2013,"Action, Biography, Drama, Sport",514516,2013-10-17,"Ron Howard"
178,tt1895587,2019-03-07,2019-03-07,,"Spotlight",https://www.imdb.com/title/tt1895587/,Movie,8.1,129,2016,"Biography, Crime, Drama",502709,2016-02-11,"Tom McCarthy"
179,tt1865505,2019-03-07,2019-03-07,,"Song of the Sea",https://www.imdb.com/title/tt1865505/,Movie,8.0,93,2015,"Animation, Adventure, Drama, Family, Fantasy",63206,2015-08-27,"Tomm Moore"
180,tt1727824,2019-03-07,2019-03-07,,"Bohemian Rhapsody",https://www.imdb.com/title/tt1727824/,Movie,7.9,134,2018,"Biography, Drama, Music",594050,2018-11-01,"Bryan Singer"
181,tt1555149,2019-03-07,2019-03-07,,"Tropa de Elite 2: O Inimigo Agora é Outro",https://www.imdb.com/title/tt1555149/,Movie,8.0,115,2010,"Action, Crime, Drama, Thriller",86879,2010-10-08,"José Padilha"
182,tt1454029,2019-03-07,2019-03-07,,"The Help",https://www.imdb.com/title/tt1454029/,Movie,8.1,146,2012,"Drama",493473,2012-02-16,"Tate Taylor"
183,tt1392214,2019-03-07,2019-03-07,,"Prisoners",https://www.imdb.com/title/tt1392214/,Movie,8.2,153,2013,"Crime, Drama, Mystery, Thriller",811311,2013-09-26,"Denis Villeneuve"
184,tt1392190,2019-03-07,2019-03-07,,"Mad Max: Fury Road",https://www.imdb.com/title/tt1392190/,Movie,8.1,120,2015,"Action, Adventure, Sci-Fi, Thriller",1088795,2015-05-14,"George Miller"
185,tt1205489,2019-03-07,2019-03-07,,"Gran Torino",https://www.imdb.com/title/tt1205489/,Movie,8.1,116,2009,"Drama",815709,2009-04-09,"Clint Eastwood"
186,tt1201607,2019-03-07,2019-03-07,,"Harry Potter and the Deathly Hallows - Part 2",https://www.imdb.com/title/tt1201607/,Movie,8.1,130,2011,"Adventure, Family, Fantasy, Mystery",949897,2011-07-13,"David Yates"
187,tt1171701,2019-03-07,2019-03-07,,"Nefes: Vatan Sagolsun",https://www.imdb.com/title/tt1171701/,Movie,8.0,128,2009,"Action, Drama, Thriller, War",35437,2009-10-16,"Levent Semerci"
188,tt1130884,2019-03-07,2019-03-07,,"Shutter Island",https://www.imdb.com/title/tt1130884/,Movie,8.2,138,2010,"Drama, Mystery, Thriller",1459628,2010-02-18,"Martin Scorsese"
189,tt1069238,2019-03-07,2019-03-07,,"Okuribito",https://www.imdb.com/title/tt1069238/,Movie,8.0,130,2008,"Drama",55024,2008-09-13,"Yôjirô Takita"
190,tt1028532,2019-03-07,2019-03-07,,"Hachi: A Dog's Tale",https://www.imdb.com/title/tt1028532/,Movie,8.1,93,2009,"Biography, Drama, Family",311938,2009-10-22,"Lasse Hallström"
191,tt0978762,2019-03-07,2019-03-07,,"Mary and Max.",https://www.imdb.com/title/tt0978762/,Movie,8.1,92,2009,"Animation, Comedy, Drama",186967,2009-12-03,"Adam Elliot"
192,tt0892769,2019-03-07,2019-03-07,,"How to Train Your Dragon",https://www.imdb.com/title/tt0892769/,Movie,8.1,98,2010,"Animation, Action, Adventure, Family, Fantasy",801825,2010-03-18,"Dean DeBlois, Chris Sanders"
193,tt0861739,2019-03-07,2019-03-07,,"Tropa de Elite",https://www.imdb.com/title/tt0861739/,Movie,8.0,115,2007,"Action, Crime, Drama, Thriller",110474,2007-10-12,"José Padilha"
194,tt0848228,2019-03-07,2019-03-07,,"The Avengers",https://www.imdb.com/title/tt0848228/,Movie,8.0,143,2012,"Action, Sci-Fi",1460871,2012-05-03,"Joss Whedon"
195,tt0808417,2019-03-07,2019-03-07,,"Persepolis",https://www.imdb.com/title/tt0808417/,Movie,8.0,96,2007,"Animation, Biography, Drama, History, War",100278,2007-06-27,"Vincent Paronnaud, Marjane Satrapi"
196,tt0758758,2019-03-07,2019-03-07,,"Into the Wild",https://www.imdb.com/title/tt0758758/,Movie,8.1,148,2007,"Adventure, Biography, Drama",658819,2007-10-19,"Sean Penn"
197,tt0477348,2019-03-07,2019-03-07,,"No Country for Old Men",https://www.imdb.com/title/tt0477348/,Movie,8.2,122,2008,"Crime, Drama, Thriller",1062142,2008-01-31,"Ethan Coen, Joel Coen"
198,tt0423866,2019-03-07,2019-03-07,,"Bin-jip",https://www.imdb.com/title/tt0423866/,Movie,7.9,88,2004,"Crime, Drama, Romance",58327,2004-11-04,"Kim Ki-duk"
199,tt0405159,2019-03-07,2019-03-07,,"Million Dollar Baby",https://www.imdb.com/title/tt0405159/,Movie,8.1,132,2005,"Drama, Sport",722585,2005-01-28,"Clint Eastwood"
200,tt0395169,2019-03-07,2019-03-07,,"Hotel Rwanda",https://www.imdb.com/title/tt0395169/,Movie,8.1,121,2005,"Biography, Drama, History, War",372581,2005-02-04,"Terry George"
201,tt0386064,2019-03-07,2019-03-07,,"Taegukgi hwinalrimyeo",https://www.imdb.com/title/tt0386064/,Movie,8.0,140,2004,"Action, Drama, War",41091,2004-12-02,"Kang Je-kyu"
202,tt0381681,2019-03-07,2019-03-07,,"Before Sunset",https://www.imdb.com/title/tt0381681/,Movie,8.1,80,2004,"Drama, Romance",288506,2004-07-30,"Richard Linklater"
203,tt0374546,2019-03-07,2019-03-07,,"Bom yeoreum gaeul gyeoul geurigo bom",https://www.imdb.com/title/tt0374546/,Movie,8.0,103,2004,"Drama, Romance",86890,2004-01-15,"Kim Ki-duk"
204,tt0353969,2019-03-07,2019-03-07,,"Salinui chueok",https://www.imdb.com/title/tt0353969/,Movie,8.1,131,2020,"Crime, Drama, Mystery, Thriller",217128,2020-05-14,"Bong Joon Ho"
205,tt0270053,2019-03-07,2019-03-07,,"Vizontele",https://www.imdb.com/title/tt0270053/,Movie,8.0,110,2001,"Comedy, Drama",38928,2001-02-02,"Yilmaz Erdogan, Ömer Faruk Sorak"
206,tt0266697,2019-03-07,2019-03-07,,"Kill Bill: Vol. 1",https://www.imdb.com/title/tt0266697/,Movie,8.2,111,2003,"Action, Crime, Thriller",1196070,2003-12-04,"Quentin Tarantino"
207,tt0266543,2019-03-07,2019-03-07,,"Finding Nemo",https://www.imdb.com/title/tt0266543/,Movie,8.2,100,2003,"Animation, Adventure, Comedy, Family",1114752,2003-12-25,"Andrew Stanton, Lee Unkrich"
208,tt0264464,2019-03-07,2019-03-07,,"Catch Me If You Can",https://www.imdb.com/title/tt0264464/,Movie,8.1,141,2003,"Biography, Crime, Drama",1097850,2003-02-13,"Steven Spielberg"
209,tt0246578,2019-03-07,2019-03-07,,"Donnie Darko",https://www.imdb.com/title/tt0246578/,Movie,8.0,113,2001,"Drama, Mystery, Sci-Fi, Thriller",851047,2001-01-19,"Richard Kelly"
210,tt0245712,2019-03-07,2019-03-07,,"Amores perros",https://www.imdb.com/title/tt0245712/,Movie,8.1,154,2000,"Drama, Thriller",253139,2000-06-16,"Alejandro G. Iñárritu"
211,tt0198781,2019-03-07,2019-03-07,,"Monsters, Inc.",https://www.imdb.com/title/tt0198781/,Movie,8.1,92,2002,"Animation, Adventure, Comedy, Family, Fantasy",980351,2002-03-22,"Pete Docter, David Silverman, Lee Unkrich"
212,tt0167404,2019-03-07,2019-03-07,,"The Sixth Sense",https://www.imdb.com/title/tt0167404/,Movie,8.2,107,2000,"Drama, Mystery, Thriller",1052879,2000-02-25,"M. Night Shyamalan"
213,tt0154420,2019-03-07,2019-03-07,,"Festen",https://www.imdb.com/title/tt0154420/,Movie,8.0,105,1998,"Drama",94001,1998-06-19,"Thomas Vinterberg"
214,tt0120731,2019-03-07,2019-03-07,,"La leggenda del pianista sull'oceano",https://www.imdb.com/title/tt0120731/,Movie,8.0,169,2001,"Drama, Music, Romance",69202,2001-07-19,"Giuseppe Tornatore"
215,tt0120382,2019-03-07,2019-03-07,,"The Truman Show",https://www.imdb.com/title/tt0120382/,Movie,8.2,103,1998,"Comedy, Drama",1198649,1998-11-05,"Peter Weir"
216,tt0118715,2019-03-07,2019-03-07,,"The Big Lebowski",https://www.imdb.com/title/tt0118715/,Movie,8.1,117,1998,"Comedy, Crime",861429,1998-03-06,"Joel Coen, Ethan Coen"
217,tt0118694,2019-03-07,2019-03-07,,"Fa yeung nin wah",https://www.imdb.com/title/tt0118694/,Movie,8.1,98,2000,"Drama, Romance",167187,2000-09-29,"Kar-Wai Wong"
218,tt0116282,2019-03-07,2019-03-07,,"Fargo",https://www.imdb.com/title/tt0116282/,Movie,8.1,98,1996,"Crime, Thriller",727615,1996-04-05,"Joel Coen, Ethan Coen"
219,tt0114787,2019-03-07,2019-03-07,,"Underground",https://www.imdb.com/title/tt0114787/,Movie,8.0,170,1995,"Comedy, Drama, Fantasy, War",61307,1995-04-01,"Emir Kusturica"
220,tt0113247,2019-03-07,2019-03-07,,"La haine",https://www.imdb.com/title/tt0113247/,Movie,8.1,98,2021,"Crime, Drama",196871,2021-08-19,"Mathieu Kassovitz"
221,tt0112471,2019-03-07,2019-03-07,,"Before Sunrise",https://www.imdb.com/title/tt0112471/,Movie,8.1,101,1995,"Drama, Romance",340122,1995-01-27,"Richard Linklater"
222,tt0111495,2019-03-07,2019-03-07,,"Trois couleurs: Rouge",https://www.imdb.com/title/tt0111495/,Movie,8.1,99,1994,"Drama, Mystery, Romance",110145,1994-05-27,"Krzysztof Kieslowski"
223,tt0109424,2019-03-07,2019-03-07,,"Chung Hing sam lam",https://www.imdb.com/title/tt0109424/,Movie,8.0,102,2021,"Comedy, Crime, Drama, Mystery, Romance",96054,2021-05-06,"Kar-Wai Wong"
224,tt0107290,2019-03-07,2019-03-07,,"Jurassic Park",https://www.imdb.com/title/tt0107290/,Movie,8.2,127,1993,"Action, Adventure, Sci-Fi, Thriller",1068841,1993-10-20,"Steven Spielberg"
225,tt0107207,2019-03-07,2019-03-07,,"In the Name of the Father",https://www.imdb.com/title/tt0107207/,Movie,8.1,133,1993,"Biography, Crime, Drama",187316,1993-12-27,"Jim Sheridan"
226,tt0097165,2019-03-07,2019-03-07,,"Dead Poets Society",https://www.imdb.com/title/tt0097165/,Movie,8.1,128,1989,"Comedy, Drama",547424,1989-06-09,"Peter Weir"
227,tt0094625,2019-03-07,2019-03-07,,"Akira",https://www.imdb.com/title/tt0094625/,Movie,8.0,124,1988,"Animation, Action, Drama, Fantasy, Sci-Fi, Thriller",205599,1988-07-16,"Katsuhiro Ôtomo"
228,tt0093779,2019-03-07,2019-03-07,,"The Princess Bride",https://www.imdb.com/title/tt0093779/,Movie,8.0,98,1987,"Adventure, Comedy, Family, Fantasy, Romance",451420,1987-10-09,"Rob Reiner"
229,tt0093191,2019-03-07,2019-03-07,,"Der Himmel über Berlin",https://www.imdb.com/title/tt0093191/,Movie,7.9,128,2023,"Drama, Fantasy, Romance",77205,2023-02-02,"Wim Wenders"
230,tt0092067,2019-03-07,2019-03-07,,"Tenkû no shiro Rapyuta",https://www.imdb.com/title/tt0092067/,Movie,8.0,125,1986,"Animation, Adventure, Family, Fantasy",182683,1986-08-02,"Hayao Miyazaki"
231,tt0092005,2019-03-07,2019-03-07,,"Stand by Me",https://www.imdb.com/title/tt0092005/,Movie,8.1,89,1986,"Adventure, Comedy, Drama",442302,1986-08-22,"Rob Reiner"
232,tt0091763,2019-03-07,2019-03-07,,"Platoon",https://www.imdb.com/title/tt0091763/,Movie,8.1,120,1987,"Drama, War",440066,1987-02-06,"Oliver Stone"
233,tt0087884,2019-03-07,2019-03-07,,"Paris, Texas",https://www.imdb.com/title/tt0087884/,Movie,8.1,145,1984,"Drama",119425,1984-08-23,"Wim Wenders"
234,tt0087544,2019-03-07,2019-03-07,,"Kaze no tani no Naushika",https://www.imdb.com/title/tt0087544/,Movie,8.0,117,1984,"Animation, Adventure, Sci-Fi",182834,1984-03-11,"Hayao Miyazaki"
235,tt0084787,2019-03-07,2019-03-07,,"The Thing",https://www.imdb.com/title/tt0084787/,Movie,8.2,109,1982,"Horror, Mystery, Sci-Fi",467527,1982-06-28,"John Carpenter"
236,tt0083987,2019-03-07,2019-03-07,,"Gandhi",https://www.imdb.com/title/tt0083987/,Movie,8.0,191,1983,"Biography, Drama, History",240308,1983-02-17,"Richard Attenborough"
237,tt0083946,2019-03-07,2019-03-07,,"Fitzcarraldo",https://www.imdb.com/title/tt0083946/,Movie,8.0,158,1982,"Adventure, Drama",38674,1982-03-04,"Werner Herzog"
238,tt0083922,2019-03-07,2019-03-07,,"Fanny och Alexander",https://www.imdb.com/title/tt0083922/,Movie,8.1,188,1982,"Drama",67542,1982-12-17,"Ingmar Bergman"
239,tt0079944,2019-03-07,2019-03-07,,"Stalker",https://www.imdb.com/title/tt0079944/,Movie,8.1,162,1980,"Drama, Sci-Fi",144990,1980-05-19,"Andrei Tarkovsky"
240,tt0079470,2019-03-07,2019-03-07,,"Life of Brian",https://www.imdb.com/title/tt0079470/,Movie,8.0,94,1979,"Comedy",422079,1979-11-08,"Terry Jones"
241,tt0077416,2019-03-07,2019-03-07,,"The Deer Hunter",https://www.imdb.com/title/tt0077416/,Movie,8.1,183,1979,"Drama, War",362663,1979-02-23,"Michael Cimino"
242,tt0075148,2019-03-07,2019-03-07,,"Rocky",https://www.imdb.com/title/tt0075148/,Movie,8.1,120,1977,"Drama, Sport",629324,1977-08,"John G. Avildsen"
243,tt0074958,2019-03-07,2019-03-07,,"Network",https://www.imdb.com/title/tt0074958/,Movie,8.1,121,1976,"Drama",170859,1976-11-27,"Sidney Lumet"
244,tt0072684,2019-03-07,2019-03-07,,"Barry Lyndon",https://www.imdb.com/title/tt0072684/,Movie,8.1,185,1975,"Adventure, Drama, War",183405,1975-12-18,"Stanley Kubrick"
245,tt0072443,2019-03-07,2019-03-07,,"Zerkalo",https://www.imdb.com/title/tt0072443/,Movie,8.0,107,1975,"Biography, Drama",52336,1975-03-07,"Andrei Tarkovsky"
246,tt0070510,2019-03-07,2019-03-07,,"Paper Moon",https://www.imdb.com/title/tt0070510/,Movie,8.1,102,1973,"Comedy, Crime, Drama",52516,1973-05-09,"Peter Bogdanovich"
247,tt0069467,2019-03-07,2019-03-07,,"Viskningar och rop",https://www.imdb.com/title/tt0069467/,Movie,8.0,91,1973,"Drama",37045,1973-03-05,"Ingmar Bergman"
248,tt0069293,2019-03-07,2019-03-07,,"Solyaris",https://www.imdb.com/title/tt0069293/,Movie,8.0,167,1973,"Drama, Mystery, Sci-Fi",98387,1973-02-05,"Andrei Tarkovsky"
249,tt0067328,2019-03-07,2019-03-07,,"The Last Picture Show",https://www.imdb.com/title/tt0067328/,Movie,8.0,118,1971,"Drama, Romance",52463,1971-10-22,"Peter Bogdanovich"
250,tt0064115,2019-03-07,2019-03-07,,"Butch Cassidy and the Sundance Kid",https://www.imdb.com/title/tt0064115/,Movie,8.0,110,1969,"Biography, Crime, Drama, Western",226907,1969-09-24,"George Roy Hill"
251,tt0063227,2019-03-07,2019-03-07,,"The Lion in Winter",https://www.imdb.com/title/tt0063227/,Movie,7.9,134,1968,"Biography, Drama, History",34248,1968-10-30,"Anthony Harvey"
252,tt0062229,2019-03-07,2019-03-07,,"Le samouraï",https://www.imdb.com/title/tt0062229/,Movie,8.0,105,1967,"Crime, Drama, Thriller",57300,1967-10-25,"Jean-Pierre Melville"
253,tt0061512,2019-03-07,2019-03-07,,"Cool Hand Luke",https://www.imdb.com/title/tt0061512/,Movie,8.1,127,1967,"Crime, Drama",188779,1967-11-01,"Stuart Rosenberg"
254,tt0060827,2019-03-07,2019-03-07,,"Persona",https://www.imdb.com/title/tt0060827/,Movie,8.1,85,1966,"Drama, Thriller",131120,1966-10-18,"Ingmar Bergman"
255,tt0058946,2019-03-07,2019-03-07,,"La battaglia di Algeri",https://www.imdb.com/title/tt0058946/,Movie,8.1,121,1966,"Drama, War",65776,1966-09-09,"Gillo Pontecorvo"
256,tt0056801,2019-03-07,2019-03-07,,"8½",https://www.imdb.com/title/tt0056801/,Movie,8.0,138,1963,"Drama",125337,1963-02-16,"Federico Fellini"
257,tt0056687,2019-03-07,2019-03-07,,"What Ever Happened to Baby Jane?",https://www.imdb.com/title/tt0056687/,Movie,8.0,134,1962,"Drama, Horror, Thriller",61999,1962-10-31,"Robert Aldrich"
258,tt0056443,2019-03-07,2019-03-07,,"Tsubaki Sanjûrô",https://www.imdb.com/title/tt0056443/,Movie,8.0,96,1962,"Action, Drama, Thriller",41191,1962-01-01,"Akira Kurosawa"
259,tt0056217,2019-03-07,2019-03-07,,"The Man Who Shot Liberty Valance",https://www.imdb.com/title/tt0056217/,Movie,8.1,123,1962,"Drama, Western",82417,1962-04-22,"John Ford"
260,tt0056111,2019-03-07,2019-03-07,,"Ivanovo detstvo",https://www.imdb.com/title/tt0056111/,Movie,8.0,95,1962,"Drama, War",39985,1962-05-09,"Andrei Tarkovsky, Eduard Abalov"
261,tt0053779,2019-03-07,2019-03-07,,"La dolce vita",https://www.imdb.com/title/tt0053779/,Movie,8.0,174,1960,"Comedy, Drama",78294,1960-02-04,"Federico Fellini"
262,tt0053198,2019-03-07,2019-03-07,,"Les quatre cents coups",https://www.imdb.com/title/tt0053198/,Movie,8.1,99,1960,"Crime, Drama",128229,1960-10-03,"François Truffaut"
263,tt0052618,2019-03-07,2019-03-07,,"Ben-Hur",https://www.imdb.com/title/tt0052618/,Movie,8.1,212,1959,"Adventure, Drama",253950,1959-11-18,"William Wyler"
264,tt0051808,2019-03-07,2019-03-07,,"Kakushi-toride no san-akunin",https://www.imdb.com/title/tt0051808/,Movie,8.1,139,1958,"Action, Adventure, Drama",42321,1958-12-28,"Akira Kurosawa"
265,tt0051459,2019-03-07,2019-03-07,,"Cat on a Hot Tin Roof",https://www.imdb.com/title/tt0051459/,Movie,7.9,108,1958,"Drama",53463,1958-08-29,"Richard Brooks"
266,tt0050783,2019-03-07,2019-03-07,,"Le notti di Cabiria",https://www.imdb.com/title/tt0050783/,Movie,8.1,110,1960,"Drama",52002,1960-06-16,"Federico Fellini"
267,tt0050613,2019-03-07,2019-03-07,,"Kumonosu-jô",https://www.imdb.com/title/tt0050613/,Movie,8.0,110,1957,"Drama",56049,1957-01-15,"Akira Kurosawa"
268,tt0047528,2019-03-07,2019-03-07,,"La strada",https://www.imdb.com/title/tt0047528/,Movie,8.0,108,1967,"Drama",66648,1967-04-24,"Federico Fellini"
269,tt0046911,2019-03-07,2019-03-07,,"Les diaboliques",https://www.imdb.com/title/tt0046911/,Movie,8.1,117,1955,"Crime, Drama, Horror, Mystery, Thriller",69460,1955-01-29,"Henri-Georges Clouzot"
270,tt0046268,2019-03-07,2019-03-07,,"Le salaire de la peur",https://www.imdb.com/title/tt0046268/,Movie,8.2,131,1955,"Adventure, Drama, Thriller",66682,1955-01-28,"Henri-Georges Clouzot"
271,tt0046250,2019-03-07,2019-03-07,,"Roman Holiday",https://www.imdb.com/title/tt0046250/,Movie,8.0,118,1960,"Comedy, Romance",147837,1960-06-13,"William Wyler"
272,tt0041546,2019-03-07,2019-03-07,,"Kind Hearts and Coronets",https://www.imdb.com/title/tt0041546/,Movie,8.0,106,1949,"Comedy, Crime",39761,1949-08-20,"Robert Hamer"
273,tt0037558,2019-03-07,2019-03-07,,"Brief Encounter",https://www.imdb.com/title/tt0037558/,Movie,8.0,86,1945,"Drama, Romance",44295,1945-11-26,"David Lean"
274,tt0036868,2019-03-07,2019-03-07,,"The Best Years of Our Lives",https://www.imdb.com/title/tt0036868/,Movie,8.1,170,1969,"Drama, Romance, War",70664,1969-10-27,"William Wyler"
275,tt0033870,2019-03-07,2019-03-07,,"The Maltese Falcon",https://www.imdb.com/title/tt0033870/,Movie,8.0,100,1941,"Crime, Film-Noir, Mystery, Romance",166746,1941-10-18,"John Huston"
276,tt0032976,2019-03-07,2019-03-07,,"Rebecca",https://www.imdb.com/title/tt0032976/,Movie,8.1,130,1940,"Drama, Mystery, Romance, Thriller",146936,1940-04-12,"Alfred Hitchcock"
277,tt0032551,2019-03-07,2019-03-07,,"The Grapes of Wrath",https://www.imdb.com/title/tt0032551/,Movie,8.1,129,1948,"Drama",100078,1948-08-18,"John Ford"
278,tt0028950,2019-03-07,2019-03-07,,"La grande illusion",https://www.imdb.com/title/tt0028950/,Movie,8.1,113,1937,"Drama, War",38892,1937-10-04,"Jean Renoir"
279,tt0025316,2019-03-07,2019-03-07,,"It Happened One Night",https://www.imdb.com/title/tt0025316/,Movie,8.1,105,1934,"Comedy, Romance",112432,1934-02-22,"Frank Capra"
280,tt0020629,2019-03-07,2019-03-07,,"All Quiet on the Western Front",https://www.imdb.com/title/tt0020629/,Movie,8.1,152,1930,"Drama, War",67757,1930-10-14,"Lewis Milestone"
281,tt0010323,2019-03-07,2019-03-07,,"Das Cabinet des Dr. Caligari",https://www.imdb.com/title/tt0010323/,Movie,8.0,76,1920,"Horror, Mystery, Thriller",70152,1920-02-27,"Robert Wiene"
282,tt3783958,2019-03-07,2019-03-07,,"La La Land",https://www.imdb.com/title/tt3783958/,Movie,8.0,128,2017,"Comedy, Drama, Music, Musical, Romance",673381,2017-01-12,"Damien Chazelle"
283,tt3659388,2019-03-07,2019-03-07,,"The Martian",https://www.imdb.com/title/tt3659388/,Movie,8.0,144,2015,"Adventure, Drama, Sci-Fi",927063,2015-10-08,"Ridley Scott"
284,tt3544112,2019-03-07,2019-03-07,,"Sing Street",https://www.imdb.com/title/tt3544112/,Movie,7.9,106,2021,"Comedy, Drama, Music, Romance",101074,2021-03-04,"John Carney"
285,tt2948356,2019-03-07,2019-03-07,,"Zootopia",https://www.imdb.com/title/tt2948356/,Movie,8.0,108,2016,"Animation, Action, Adventure, Comedy, Crime, Family, Mystery",547375,2016-03-03,"Byron Howard, Rich Moore, Jared Bush"
286,tt2576852,2019-03-07,2019-03-07,,"Kaguya-hime no monogatari",https://www.imdb.com/title/tt2576852/,Movie,8.0,137,2013,"Animation, Drama, Family, Fantasy, Romance",54139,2013-11-23,"Isao Takahata"
287,tt2543472,2019-03-07,2019-03-07,,"Wonder",https://www.imdb.com/title/tt2543472/,Movie,7.9,113,2017,"Drama, Family",178663,2017-11-16,"Stephen Chbosky"
288,tt2370248,2019-03-07,2019-03-07,,"Short Term 12",https://www.imdb.com/title/tt2370248/,Movie,7.9,96,2013,"Drama",91881,2013-08-23,"Destin Daniel Cretton"
289,tt2265171,2019-03-07,2019-03-07,,"Serbuan maut 2: Berandal",https://www.imdb.com/title/tt2265171/,Movie,7.9,150,2014,"Action, Crime, Thriller",131409,2014-03-28,"Gareth Evans"
290,tt2084970,2019-03-07,2019-03-07,,"The Imitation Game",https://www.imdb.com/title/tt2084970/,Movie,8.0,114,2015,"Biography, Drama, Thriller, War",825987,2015-02-05,"Morten Tyldum"
291,tt1877832,2019-03-07,2019-03-07,,"X-Men: Days of Future Past",https://www.imdb.com/title/tt1877832/,Movie,7.9,132,2014,"Action, Adventure, Sci-Fi, Thriller",746034,2014-05-22,"Bryan Singer"
292,tt1856101,2019-03-07,2019-03-07,,"Blade Runner 2049",https://www.imdb.com/title/tt1856101/,Movie,8.0,164,2017,"Action, Drama, Mystery, Sci-Fi, Thriller",667092,2017-10-05,"Denis Villeneuve"
293,tt1798709,2019-03-07,2019-03-07,,"Her",https://www.imdb.com/title/tt1798709/,Movie,8.0,126,2014,"Drama, Romance, Sci-Fi",670564,2014-01-10,"Spike Jonze"
294,tt1663202,2019-03-07,2019-03-07,,"The Revenant",https://www.imdb.com/title/tt1663202/,Movie,8.0,156,2016,"Action, Adventure, Drama, Western",875559,2016-01-07,"Alejandro G. Iñárritu"
295,tt1659337,2019-03-07,2019-03-07,,"The Perks of Being a Wallflower",https://www.imdb.com/title/tt1659337/,Movie,7.9,103,2012,"Drama",548730,2012-09-20,"Stephen Chbosky"
296,tt1504320,2019-03-07,2019-03-07,,"The King's Speech",https://www.imdb.com/title/tt1504320/,Movie,8.0,118,2011,"Biography, Drama, History",708450,2011-02-24,"Tom Hooper"
297,tt1431045,2019-03-07,2019-03-07,,"Deadpool",https://www.imdb.com/title/tt1431045/,Movie,8.0,108,2016,"Action, Comedy",1127766,2016-02-11,"Tim Miller"
298,tt1220719,2019-03-07,2019-03-07,,"Ip Man",https://www.imdb.com/title/tt1220719/,Movie,8.0,106,2008,"Action, Biography, Drama, War",233732,2008-12-12,"Wilson Yip"
299,tt1185616,2019-03-07,2019-03-07,,"Vals Im Bashir",https://www.imdb.com/title/tt1185616/,Movie,8.0,90,2008,"Documentary, Animation, Biography, Drama, History, Mystery, War",60449,2008-06-12,"Ari Folman"
300,tt1010048,2019-03-07,2019-03-07,,"Slumdog Millionaire",https://www.imdb.com/title/tt1010048/,Movie,8.0,120,2009,"Crime, Drama, Romance",878545,2009-02-12,"Danny Boyle, Loveleen Tandan"
301,tt0947798,2019-03-07,2019-03-07,,"Black Swan",https://www.imdb.com/title/tt0947798/,Movie,8.0,108,2011,"Drama, Thriller",826066,2011-02-10,"Darren Aronofsky"
302,tt0796366,2019-03-07,2019-03-07,,"Star Trek",https://www.imdb.com/title/tt0796366/,Movie,7.9,127,2009,"Action, Adventure, Sci-Fi",620634,2009-05-07,"J.J. Abrams"
303,tt0790636,2019-03-07,2019-03-07,,"Dallas Buyers Club",https://www.imdb.com/title/tt0790636/,Movie,7.9,117,2013,"Biography, Drama",519892,2013-11-22,"Jean-Marc Vallée"
304,tt0454921,2019-03-07,2019-03-07,,"The Pursuit of Happyness",https://www.imdb.com/title/tt0454921/,Movie,8.0,117,2007,"Biography, Drama",561909,2007-03-22,"Gabriele Muccino"
305,tt0450259,2019-03-07,2019-03-07,,"Blood Diamond",https://www.imdb.com/title/tt0450259/,Movie,8.0,143,2007,"Adventure, Drama, Thriller",586856,2007-02-01,"Edward Zwick"
306,tt0440963,2019-03-07,2019-03-07,,"The Bourne Ultimatum",https://www.imdb.com/title/tt0440963/,Movie,8.0,115,2007,"Action, Mystery, Thriller",658701,2007-08-23,"Paul Greengrass"
307,tt0401792,2019-03-07,2019-03-07,,"Sin City",https://www.imdb.com/title/tt0401792/,Movie,8.0,124,2005,"Crime, Thriller",794283,2005-06-02,"Frank Miller, Quentin Tarantino, Robert Rodriguez"
308,tt0401383,2019-03-07,2019-03-07,,"Le scaphandre et le papillon",https://www.imdb.com/title/tt0401383/,Movie,8.0,112,2007,"Biography, Drama",110476,2007-05-23,"Julian Schnabel"
309,tt0382932,2019-03-07,2019-03-07,,"Ratatouille",https://www.imdb.com/title/tt0382932/,Movie,8.1,111,2007,"Animation, Adventure, Comedy, Family, Fantasy",826775,2007-06-28,"Brad Bird, Jan Pinkava"
310,tt0381061,2019-03-07,2019-03-07,,"Casino Royale",https://www.imdb.com/title/tt0381061/,Movie,8.0,144,2006,"Action, Adventure, Thriller",695271,2006-11-16,"Martin Campbell"
311,tt0378194,2019-03-07,2019-03-07,,"Kill Bill: Vol. 2",https://www.imdb.com/title/tt0378194/,Movie,8.0,137,2004,"Action, Crime, Thriller",806992,2004-06-19,"Quentin Tarantino"
312,tt0376968,2019-03-07,2019-03-07,,"Vozvrashchenie",https://www.imdb.com/title/tt0376968/,Movie,7.9,110,2003,"Drama",47549,2003-06-25,"Andrey Zvyagintsev"
313,tt0352248,2019-03-07,2019-03-07,,"Cinderella Man",https://www.imdb.com/title/tt0352248/,Movie,8.0,144,2005,"Biography, Drama, Romance, Sport",198536,2005-09-15,"Ron Howard"
314,tt0327056,2019-03-07,2019-03-07,,"Mystic River",https://www.imdb.com/title/tt0327056/,Movie,7.9,138,2003,"Crime, Drama, Mystery, Thriller",486344,2003-10-15,"Clint Eastwood"
315,tt0325980,2019-03-07,2019-03-07,,"Pirates of the Caribbean: The Curse of the Black Pearl",https://www.imdb.com/title/tt0325980/,Movie,8.1,143,2003,"Action, Adventure, Fantasy",1212278,2003-08-22,"Gore Verbinski"
316,tt0319061,2019-03-07,2019-03-07,,"Big Fish",https://www.imdb.com/title/tt0319061/,Movie,8.0,125,2004,"Adventure, Drama, Fantasy, Romance",459256,2004-02-19,"Tim Burton"
317,tt0317705,2019-03-07,2019-03-07,,"The Incredibles",https://www.imdb.com/title/tt0317705/,Movie,8.0,115,2004,"Animation, Action, Adventure, Family",810166,2004-12-23,"Brad Bird"
318,tt0287467,2019-03-07,2019-03-07,,"Hable con ella",https://www.imdb.com/title/tt0287467/,Movie,7.9,112,2002,"Drama, Mystery, Romance",117581,2002-06-23,"Pedro Almodóvar"
319,tt0283509,2019-03-07,2019-03-07,,"No Man's Land",https://www.imdb.com/title/tt0283509/,Movie,7.9,98,2001,"Comedy, Drama, War",48852,2001-09-19,"Danis Tanovic"
320,tt0276919,2019-03-07,2019-03-07,,"Dogville",https://www.imdb.com/title/tt0276919/,Movie,8.0,178,2003,"Crime, Drama",158838,2003-07-03,"Lars von Trier"
321,tt0175880,2019-03-07,2019-03-07,,"Magnolia",https://www.imdb.com/title/tt0175880/,Movie,8.0,188,2000,"Drama",328863,2000-01-07,"Paul Thomas Anderson"
322,tt0168629,2019-03-07,2019-03-07,,"Dancer in the Dark",https://www.imdb.com/title/tt0168629/,Movie,7.9,140,2000,"Crime, Drama, Musical",116922,2000-09-28,"Lars von Trier"
323,tt0166924,2019-03-07,2019-03-07,,"Mulholland Dr.",https://www.imdb.com/title/tt0166924/,Movie,7.9,147,2002,"Drama, Mystery, Thriller",384376,2002-03-14,"David Lynch"
324,tt0166896,2019-03-07,2019-03-07,,"The Straight Story",https://www.imdb.com/title/tt0166896/,Movie,8.0,112,1999,"Biography, Drama",97621,1999-11-03,"David Lynch"
325,tt0129167,2019-03-07,2019-03-07,,"The Iron Giant",https://www.imdb.com/title/tt0129167/,Movie,8.1,86,1999,"Animation, Action, Adventure, Comedy, Drama, Family, Sci-Fi",227940,1999-08-06,"Brad Bird"
326,tt0117666,2019-03-07,2019-03-07,,"Sling Blade",https://www.imdb.com/title/tt0117666/,Movie,8.0,135,1997,"Drama",98887,1997-03-14,"Billy Bob Thornton"
327,tt0117589,2019-03-07,2019-03-07,,"Secrets & Lies",https://www.imdb.com/title/tt0117589/,Movie,8.0,136,1996,"Comedy, Drama",47259,1996-05-24,"Mike Leigh"
328,tt0114746,2019-03-07,2019-03-07,,"12 Monkeys",https://www.imdb.com/title/tt0114746/,Movie,8.0,129,1996,"Mystery, Sci-Fi, Thriller",647306,1996-01-05,"Terry Gilliam"
329,tt0108394,2019-03-07,2019-03-07,,"Trois couleurs: Bleu",https://www.imdb.com/title/tt0108394/,Movie,7.8,94,1993,"Drama, Music, Mystery, Romance",110645,1993-09-08,"Krzysztof Kieslowski"
330,tt0107688,2019-03-07,2019-03-07,,"The Nightmare Before Christmas",https://www.imdb.com/title/tt0107688/,Movie,7.9,76,1995,"Animation, Family, Fantasy, Musical",375545,1995-11-09,"Henry Selick"
331,tt0107048,2019-03-07,2019-03-07,,"Groundhog Day",https://www.imdb.com/title/tt0107048/,Movie,8.0,101,1995,"Comedy, Drama, Fantasy, Romance",686014,1995-01-06,"Harold Ramis"
332,tt0105323,2019-03-07,2019-03-07,,"Scent of a Woman",https://www.imdb.com/title/tt0105323/,Movie,8.0,156,1993,"Drama",329523,1993-09-17,"Martin Brest"
333,tt0103639,2019-03-07,2019-03-07,,"Aladdin",https://www.imdb.com/title/tt0103639/,Movie,8.0,90,1994,"Animation, Adventure, Comedy, Family, Fantasy, Musical, Romance",467775,1994-04-02,"Ron Clements, John Musker"
334,tt0102138,2019-03-07,2019-03-07,,"JFK",https://www.imdb.com/title/tt0102138/,Movie,8.0,189,1991,"Drama, History, Thriller",170124,1991-12-20,"Oliver Stone"
335,tt0101414,2019-03-07,2019-03-07,,"Beauty and the Beast",https://www.imdb.com/title/tt0101414/,Movie,8.0,84,1993,"Animation, Family, Fantasy, Musical, Romance",480111,1993-07-10,"Gary Trousdale, Kirk Wise"
336,tt0099348,2019-03-07,2019-03-07,,"Dances with Wolves",https://www.imdb.com/title/tt0099348/,Movie,8.0,181,1990,"Adventure, Drama, Western",291093,1990-11-21,"Kevin Costner"
337,tt0095953,2019-03-07,2019-03-07,,"Rain Man",https://www.imdb.com/title/tt0095953/,Movie,8.0,133,1988,"Drama",547267,1988-12-16,"Barry Levinson"
338,tt0088846,2019-03-07,2019-03-07,,"Brazil",https://www.imdb.com/title/tt0088846/,Movie,7.9,132,1985,"Drama, Sci-Fi, Thriller",211408,1985-02-22,"Terry Gilliam"
339,tt0088258,2019-03-07,2019-03-07,,"This Is Spinal Tap",https://www.imdb.com/title/tt0088258/,Movie,7.9,82,1984,"Comedy, Music",147485,1984-03-02,"Rob Reiner"
340,tt0088247,2019-03-07,2019-03-07,,"The Terminator",https://www.imdb.com/title/tt0088247/,Movie,8.1,107,1992,"Action, Adventure, Sci-Fi",925528,1992,"James Cameron"
341,tt0085334,2019-03-07,2019-03-07,,"A Christmas Story",https://www.imdb.com/title/tt0085334/,Movie,7.9,93,1987,"Comedy, Family",168673,1987-12-28,"Bob Clark"
342,tt0080979,2019-03-07,2019-03-07,,"Kagemusha",https://www.imdb.com/title/tt0080979/,Movie,7.9,180,1980,"Drama, History, War",38247,1980-04-26,"Akira Kurosawa"
343,tt0079522,2019-03-07,2019-03-07,,"Manhattan",https://www.imdb.com/title/tt0079522/,Movie,7.8,96,1979,"Comedy, Drama, Romance",147426,1979-04-25,"Woody Allen"
344,tt0078841,2019-03-07,2019-03-07,,"Being There",https://www.imdb.com/title/tt0078841/,Movie,7.9,130,1980,"Comedy, Drama",77747,1980-02-08,"Hal Ashby"
345,tt0075686,2019-03-07,2019-03-07,,"Annie Hall",https://www.imdb.com/title/tt0075686/,Movie,8.0,93,1977,"Comedy, Romance",278668,1977-04-20,"Woody Allen"
346,tt0074119,2019-03-07,2019-03-07,,"All the President's Men",https://www.imdb.com/title/tt0074119/,Movie,7.9,138,1976,"Drama, History, Thriller",126226,1976-04-09,"Alan J. Pakula"
347,tt0073195,2019-03-07,2019-03-07,,"Jaws",https://www.imdb.com/title/tt0073195/,Movie,8.1,124,1975,"Adventure, Mystery, Thriller",660434,1975-12-27,"Steven Spielberg"
348,tt0072890,2019-03-07,2019-03-07,,"Dog Day Afternoon",https://www.imdb.com/title/tt0072890/,Movie,8.0,125,1975,"Biography, Crime, Drama, Thriller",273346,1975-12-25,"Sidney Lumet"
349,tt0070511,2019-03-07,2019-03-07,,"Papillon",https://www.imdb.com/title/tt0070511/,Movie,8.0,151,1973,"Biography, Crime, Drama",138508,1973-12-19,"Franklin J. Schaffner"
350,tt0070047,2019-03-07,2019-03-07,,"The Exorcist",https://www.imdb.com/title/tt0070047/,Movie,8.1,122,1973,"Horror",455676,1973-12-26,"William Friedkin"
351,tt0068182,2019-03-07,2019-03-07,,"Aguirre, der Zorn Gottes",https://www.imdb.com/title/tt0068182/,Movie,7.8,95,1972,"Action, Adventure, Biography, Drama, History",62395,1972-12-29,"Werner Herzog"
352,tt0067185,2019-03-07,2019-03-07,,"Harold and Maude",https://www.imdb.com/title/tt0067185/,Movie,7.9,91,1971,"Comedy, Drama, Romance",81903,1971-12-20,"Hal Ashby"
353,tt0067093,2019-03-07,2019-03-07,,"Fiddler on the Roof",https://www.imdb.com/title/tt0067093/,Movie,8.0,181,1972,"Drama, Family, Musical, Romance",47934,1972-12-02,"Norman Jewison"
354,tt0066206,2019-03-07,2019-03-07,,"Patton",https://www.imdb.com/title/tt0066206/,Movie,7.9,172,1970,"Biography, Drama, War",108056,1970-04-02,"Franklin J. Schaffner"
355,tt0065214,2019-03-07,2019-03-07,,"The Wild Bunch",https://www.imdb.com/title/tt0065214/,Movie,7.9,145,1969,"Action, Adventure, Drama, Western",90453,1969-06-19,"Sam Peckinpah"
356,tt0063522,2019-03-07,2019-03-07,,"Rosemary's Baby",https://www.imdb.com/title/tt0063522/,Movie,8.0,137,1968,"Drama, Horror",235564,1968-06-12,"Roman Polanski"
357,tt0063442,2019-03-07,2019-03-07,,"Planet of the Apes",https://www.imdb.com/title/tt0063442/,Movie,8.0,112,1968,"Adventure, Sci-Fi",194478,1968-04-03,"Franklin J. Schaffner"
358,tt0061811,2019-03-07,2019-03-07,,"In the Heat of the Night",https://www.imdb.com/title/tt0061811/,Movie,7.9,110,1967,"Drama, Mystery, Thriller",83670,1967-08-02,"Norman Jewison"
359,tt0061722,2019-03-07,2019-03-07,,"The Graduate",https://www.imdb.com/title/tt0061722/,Movie,8.0,106,1967,"Comedy, Drama, Romance",288716,1967-12-21,"Mike Nichols"
360,tt0061184,2019-03-07,2019-03-07,,"Who's Afraid of Virginia Woolf?",https://www.imdb.com/title/tt0061184/,Movie,8.0,131,1966,"Drama",80022,1966-06-22,"Mike Nichols"
361,tt0059742,2019-03-07,2019-03-07,,"The Sound of Music",https://www.imdb.com/title/tt0059742/,Movie,8.1,172,1965,"Biography, Drama, Family, Musical, Romance",261473,1965-04-01,"Robert Wise"
362,tt0059113,2019-03-07,2019-03-07,,"Doctor Zhivago",https://www.imdb.com/title/tt0059113/,Movie,7.9,197,1965,"Drama, Romance, War",82174,1965-12-31,"David Lean"
363,tt0058461,2019-03-07,2019-03-07,,"Per un pugno di dollari",https://www.imdb.com/title/tt0058461/,Movie,7.9,99,1964,"Action, Drama, Western",233060,1964-09-12,"Sergio Leone"
364,tt0056923,2019-03-07,2019-03-07,,"Charade",https://www.imdb.com/title/tt0056923/,Movie,7.8,113,1963,"Comedy, Mystery, Romance, Thriller",85708,1963-12-05,"Stanley Donen"
365,tt0054997,2019-03-07,2019-03-07,,"The Hustler",https://www.imdb.com/title/tt0054997/,Movie,8.0,134,1961,"Drama, Sport",86862,1961-09-25,"Robert Rossen"
366,tt0053221,2019-03-07,2019-03-07,,"Rio Bravo",https://www.imdb.com/title/tt0053221/,Movie,8.0,141,1959,"Western",68177,1959-04-04,"Howard Hawks"
367,tt0052561,2019-03-07,2019-03-07,,"Anatomy of a Murder",https://www.imdb.com/title/tt0052561/,Movie,8.0,161,1959,"Drama, Mystery",71486,1959-07-13,"Otto Preminger"
368,tt0052311,2019-03-07,2019-03-07,,"Touch of Evil",https://www.imdb.com/title/tt0052311/,Movie,8.0,95,1958,"Crime, Drama, Film-Noir, Thriller",109887,1958-04-23,"Orson Welles"
369,tt0049730,2019-03-07,2019-03-07,,"The Searchers",https://www.imdb.com/title/tt0049730/,Movie,7.8,119,1956,"Adventure, Drama, Western",96459,1956-05-26,"John Ford"
370,tt0049406,2019-03-07,2019-03-07,,"The Killing",https://www.imdb.com/title/tt0049406/,Movie,7.9,84,1956,"Crime, Drama, Film-Noir, Thriller",97663,1956-06-06,"Stanley Kubrick"
371,tt0048424,2019-03-07,2019-03-07,,"The Night of the Hunter",https://www.imdb.com/title/tt0048424/,Movie,8.0,92,1955,"Crime, Drama, Film-Noir, Thriller",97540,1955-07-27,"Charles Laughton"
372,tt0048028,2019-03-07,2019-03-07,,"East of Eden",https://www.imdb.com/title/tt0048028/,Movie,7.8,118,1955,"Drama",48856,1955-04-10,"Elia Kazan"
373,tt0046359,2019-03-07,2019-03-07,,"Stalag 17",https://www.imdb.com/title/tt0046359/,Movie,8.0,120,1953,"Comedy, Drama, War",58857,1953-07,"Billy Wilder"
374,tt0044706,2019-03-07,2019-03-07,,"High Noon",https://www.imdb.com/title/tt0044706/,Movie,8.0,85,1952,"Drama, Thriller, Western",110324,1952-07-30,"Fred Zinnemann"
375,tt0044081,2019-03-07,2019-03-07,,"A Streetcar Named Desire",https://www.imdb.com/title/tt0044081/,Movie,7.9,122,1951,"Drama",114466,1951-09-19,"Elia Kazan"
376,tt0044079,2019-03-07,2019-03-07,,"Strangers on a Train",https://www.imdb.com/title/tt0044079/,Movie,7.9,101,1951,"Crime, Drama, Film-Noir, Thriller",141141,1951-06-30,"Alfred Hitchcock"
377,tt0042546,2019-03-07,2019-03-07,,"Harvey",https://www.imdb.com/title/tt0042546/,Movie,7.9,104,1950,"Comedy, Drama, Fantasy",58281,1950-12-21,"Henry Koster"
378,tt0040746,2019-03-07,2019-03-07,,"Rope",https://www.imdb.com/title/tt0040746/,Movie,7.9,80,1948,"Crime, Drama, Mystery, Thriller",153970,1948-09-25,"Alfred Hitchcock"
379,tt0039689,2019-03-07,2019-03-07,,"Out of the Past",https://www.imdb.com/title/tt0039689/,Movie,8.0,97,1947,"Crime, Drama, Film-Noir, Romance, Thriller",40971,1947-12,"Jacques Tourneur"
380,tt0038355,2019-03-07,2019-03-07,,"The Big Sleep",https://www.imdb.com/title/tt0038355/,Movie,7.9,114,1946,"Crime, Film-Noir, Mystery, Thriller",90594,1946-08-31,"Howard Hawks"
381,tt0037884,2019-03-07,2019-03-07,,"The Lost Weekend",https://www.imdb.com/title/tt0037884/,Movie,7.9,101,1946,"Drama, Film-Noir",40243,1946-01,"Billy Wilder"
382,tt0037008,2019-03-07,2019-03-07,,"Laura",https://www.imdb.com/title/tt0037008/,Movie,7.9,88,1944,"Drama, Film-Noir, Mystery",51568,1944-11,"Otto Preminger, Rouben Mamoulian"
383,tt0036613,2019-03-07,2019-03-07,,"Arsenic and Old Lace",https://www.imdb.com/title/tt0036613/,Movie,7.9,118,1944,"Comedy, Crime, Thriller",75019,1944-09-21,"Frank Capra"
384,tt0032904,2019-03-07,2019-03-07,,"The Philadelphia Story",https://www.imdb.com/title/tt0032904/,Movie,7.9,112,1941,"Comedy, Romance",73934,1941-01-17,"George Cukor"
385,tt0032599,2019-03-07,2019-03-07,,"His Girl Friday",https://www.imdb.com/title/tt0032599/,Movie,7.8,92,1940,"Comedy, Drama, Romance",63247,1940-01-18,"Howard Hawks"
386,tt0032138,2019-03-07,2019-03-07,,"The Wizard of Oz",https://www.imdb.com/title/tt0032138/,Movie,8.1,102,1939,"Adventure, Family, Fantasy, Musical",429153,1939-12-02,"Victor Fleming, King Vidor"
387,tt0029947,2019-03-07,2019-03-07,,"Bringing Up Baby",https://www.imdb.com/title/tt0029947/,Movie,7.8,102,1938,"Comedy",66169,1938-02-18,"Howard Hawks"
388,tt0029843,2019-03-07,2019-03-07,,"The Adventures of Robin Hood",https://www.imdb.com/title/tt0029843/,Movie,7.9,102,1952,"Action, Adventure, Romance",54549,1952-08-16,"Michael Curtiz, William Keighley"
389,tt0026778,2019-03-07,2019-03-07,,"A Night at the Opera",https://www.imdb.com/title/tt0026778/,Movie,7.8,96,1935,"Comedy, Music, Musical",34791,1935-11-15,"Sam Wood, Edmund Goulding"
390,tt0023969,2019-03-07,2019-03-07,,"Duck Soup",https://www.imdb.com/title/tt0023969/,Movie,7.7,69,1933,"Comedy, Musical",62777,1933-11-17,"Leo McCarey"
391,tt0015648,2019-03-07,2019-03-07,,"Bronenosets Potyomkin",https://www.imdb.com/title/tt0015648/,Movie,7.9,75,1925,"Drama, History, Thriller, War",61507,1925-12-24,"Sergei Eisenstein"
392,tt0013442,2019-03-07,2019-03-07,,"Nosferatu, eine Symphonie des Grauens",https://www.imdb.com/title/tt0013442/,Movie,7.9,94,1922,"Fantasy, Horror",105593,1922-05-18,"F.W. Murnau"
393,tt5726616,2019-03-07,2019-03-07,,"Call Me by Your Name",https://www.imdb.com/title/tt5726616/,Movie,7.8,132,2018,"Drama, Romance",317176,2018-01-18,"Luca Guadagnino"
394,tt5168192,2019-03-07,2019-03-07,,"I, Daniel Blake",https://www.imdb.com/title/tt5168192/,Movie,7.8,100,2016,"Drama",64846,2016-10-27,"Ken Loach"
395,tt5104604,2019-03-07,2019-03-07,,"Isle of Dogs",https://www.imdb.com/title/tt5104604/,Movie,7.8,101,2018,"Animation, Adventure, Comedy, Drama, Sci-Fi",191149,2018-05-03,"Wes Anderson"
396,tt5013056,2019-03-07,2019-03-07,,"Dunkirk",https://www.imdb.com/title/tt5013056/,Movie,7.8,106,2017,"Action, Drama, History, Thriller, War",741332,2017-07-20,"Christopher Nolan"
397,tt4698684,2019-03-07,2019-03-07,,"Hunt for the Wilderpeople",https://www.imdb.com/title/tt4698684/,Movie,7.8,101,2016,"Adventure, Comedy, Drama",142121,2016-03-31,"Taika Waititi"
398,tt4468740,2019-03-07,2019-03-07,,"Paddington 2",https://www.imdb.com/title/tt4468740/,Movie,7.8,103,2018,"Adventure, Comedy, Family",94221,2018-01-18,"Paul King"
399,tt3553976,2019-03-07,2019-03-07,,"Captain Fantastic",https://www.imdb.com/title/tt3553976/,Movie,7.8,118,2016,"Comedy, Drama",235394,2016-08-11,"Matt Ross"
400,tt3501632,2019-03-07,2019-03-07,,"Thor: Ragnarok",https://www.imdb.com/title/tt3501632/,Movie,7.9,130,2017,"Action, Adventure, Comedy, Fantasy, Sci-Fi",817248,2017-11-02,"Taika Waititi"
401,tt2872718,2019-03-07,2019-03-07,,"Nightcrawler",https://www.imdb.com/title/tt2872718/,Movie,7.8,117,2015,"Crime, Drama, Thriller",605480,2015-08-06,"Dan Gilroy"
402,tt2543164,2019-03-07,2019-03-07,,"Arrival",https://www.imdb.com/title/tt2543164/,Movie,7.9,116,2016,"Drama, Mystery, Sci-Fi",773191,2016-11-11,"Denis Villeneuve"
403,tt2209418,2019-03-07,2019-03-07,,"Before Midnight",https://www.imdb.com/title/tt2209418/,Movie,7.9,109,2013,"Drama, Romance",172368,2013-07-11,"Richard Linklater"
404,tt1655442,2019-03-07,2019-03-07,,"The Artist",https://www.imdb.com/title/tt1655442/,Movie,7.9,100,2012,"Comedy, Drama, Romance",248751,2012-02-14,"Michel Hazanavicius"
405,tt1631867,2019-03-07,2019-03-07,,"Edge of Tomorrow",https://www.imdb.com/title/tt1631867/,Movie,7.9,113,2014,"Action, Adventure, Sci-Fi",738216,2014-06-05,"Doug Liman"
406,tt1602620,2019-03-07,2019-03-07,,"Amour",https://www.imdb.com/title/tt1602620/,Movie,7.9,127,2012,"Drama",105798,2012-10-25,"Michael Haneke"
407,tt1398426,2019-03-07,2019-03-07,,"Straight Outta Compton",https://www.imdb.com/title/tt1398426/,Movie,7.8,147,2015,"Biography, Drama, History, Music",218737,2015-11-12,"F. Gary Gray"
408,tt1235166,2019-03-07,2019-03-07,,"Un prophète",https://www.imdb.com/title/tt1235166/,Movie,7.8,155,2009,"Crime, Drama",102249,2009-10-08,"Jacques Audiard"
409,tt1190539,2019-03-07,2019-03-07,,"Chugyeokja",https://www.imdb.com/title/tt1190539/,Movie,7.8,125,2008,"Action, Crime, Drama, Thriller",72890,2008-02-14,"Na Hong-jin"
410,tt1182345,2019-03-07,2019-03-07,,"Moon",https://www.imdb.com/title/tt1182345/,Movie,7.8,97,2009,"Drama, Mystery, Sci-Fi",376981,2009-09-17,"Duncan Jones"
411,tt1139797,2019-03-07,2019-03-07,,"Låt den rätte komma in",https://www.imdb.com/title/tt1139797/,Movie,7.8,114,2009,"Drama, Fantasy, Horror, Romance",226996,2009-01-29,"Tomas Alfredson"
412,tt1136608,2019-03-07,2019-03-07,,"District 9",https://www.imdb.com/title/tt1136608/,Movie,7.9,112,2009,"Action, Sci-Fi, Thriller",717582,2009-08-13,"Neill Blomkamp"
413,tt1125849,2019-03-07,2019-03-07,,"The Wrestler",https://www.imdb.com/title/tt1125849/,Movie,7.9,109,2009,"Drama, Sport",320183,2009-03-26,"Darren Aronofsky"
414,tt1065073,2019-03-07,2019-03-07,,"Boyhood",https://www.imdb.com/title/tt1065073/,Movie,7.9,165,2014,"Drama",367381,2014-08-15,"Richard Linklater"
415,tt1032846,2019-03-07,2019-03-07,,"4 luni, 3 saptamâni si 2 zile",https://www.imdb.com/title/tt1032846/,Movie,7.9,113,2007,"Drama",63335,2007-09-14,"Cristian Mungiu"
416,tt0907657,2019-03-07,2019-03-07,,"Once",https://www.imdb.com/title/tt0907657/,Movie,7.8,86,2007,"Drama, Music, Romance",121355,2007-03-23,"John Carney"
417,tt0903624,2019-03-07,2019-03-07,,"The Hobbit: An Unexpected Journey",https://www.imdb.com/title/tt0903624/,Movie,7.8,169,2012,"Adventure, Fantasy",874004,2012-12-19,"Peter Jackson"
418,tt0780536,2019-03-07,2019-03-07,,"In Bruges",https://www.imdb.com/title/tt0780536/,Movie,7.9,107,2008,"Comedy, Crime, Drama, Thriller",462025,2008-05-15,"Martin McDonagh"
419,tt0498380,2019-03-07,2019-03-07,,"Letters from Iwo Jima",https://www.imdb.com/title/tt0498380/,Movie,7.8,141,2007,"Action, Adventure, Drama, History, War",170194,2007-03-15,"Clint Eastwood"
420,tt0454876,2019-03-07,2019-03-07,,"Life of Pi",https://www.imdb.com/title/tt0454876/,Movie,7.9,127,2013,"Adventure, Drama, Fantasy",667583,2013-01-01,"Ang Lee"
421,tt0432283,2019-03-07,2019-03-07,,"Fantastic Mr. Fox",https://www.imdb.com/title/tt0432283/,Movie,7.9,87,2009,"Animation, Adventure, Comedy, Crime, Drama, Family",270920,2009-11-25,"Wes Anderson"
422,tt0425112,2019-03-07,2019-03-07,,"Hot Fuzz",https://www.imdb.com/title/tt0425112/,Movie,7.8,121,2007,"Action, Comedy, Mystery, Thriller",535866,2007-04-05,"Edgar Wright"
423,tt0379786,2019-03-07,2019-03-07,,"Serenity",https://www.imdb.com/title/tt0379786/,Movie,7.8,119,2005,"Action, Adventure, Sci-Fi, Thriller",305888,2005-10-13,"Joss Whedon"
424,tt0372824,2019-03-07,2019-03-07,,"Les choristes",https://www.imdb.com/title/tt0372824/,Movie,7.8,97,2005,"Drama, Music",67244,2005-08-25,"Christophe Barratier"
425,tt0371746,2019-03-07,2019-03-07,,"Iron Man",https://www.imdb.com/title/tt0371746/,Movie,7.9,126,2008,"Action, Adventure, Sci-Fi",1126415,2008-05-01,"Jon Favreau"
426,tt0365748,2019-03-07,2019-03-07,,"Shaun of the Dead",https://www.imdb.com/title/tt0365748/,Movie,7.9,99,2004,"Comedy, Horror",594778,2004-04-09,"Edgar Wright"
427,tt0358273,2019-03-07,2019-03-07,,"Walk the Line",https://www.imdb.com/title/tt0358273/,Movie,7.8,136,2005,"Biography, Drama, Music, Romance",266121,2005-11-18,"James Mangold"
428,tt0332280,2019-03-07,2019-03-07,,"The Notebook",https://www.imdb.com/title/tt0332280/,Movie,7.8,123,2004,"Drama, Romance",621371,2004-10-14,"Nick Cassavetes"
429,tt0304141,2019-03-07,2019-03-07,,"Harry Potter and the Prisoner of Azkaban",https://www.imdb.com/title/tt0304141/,Movie,7.9,142,2004,"Adventure, Family, Fantasy, Mystery",692597,2004-06-04,"Alfonso Cuarón"
430,tt0299977,2019-03-07,2019-03-07,,"Ying xiong",https://www.imdb.com/title/tt0299977/,Movie,7.9,120,2003,"Action, Adventure, Drama",187763,2003-05-15,"Yimou Zhang"
431,tt0258463,2019-03-07,2019-03-07,,"The Bourne Identity",https://www.imdb.com/title/tt0258463/,Movie,7.8,119,2002,"Action, Mystery, Thriller",576913,2002-10-10,"Doug Liman"
432,tt0206634,2019-03-07,2019-03-07,,"Children of Men",https://www.imdb.com/title/tt0206634/,Movie,7.9,109,2006,"Action, Drama, Sci-Fi, Thriller",529948,2006-10-19,"Alfonso Cuarón"
433,tt0190332,2019-03-07,2019-03-07,,"Wo hu cang long",https://www.imdb.com/title/tt0190332/,Movie,7.9,120,2000,"Action, Adventure, Drama, Fantasy, Romance",281818,2000-07-07,"Ang Lee"
434,tt0185125,2019-03-07,2019-03-07,,"Todo sobre mi madre",https://www.imdb.com/title/tt0185125/,Movie,7.8,101,2000,"Comedy, Drama, Romance",103008,2000-05-05,"Pedro Almodóvar"
435,tt0181875,2019-03-07,2019-03-07,,"Almost Famous",https://www.imdb.com/title/tt0181875/,Movie,7.9,122,2000,"Adventure, Comedy, Drama, Music",293797,2000-09-22,"Cameron Crowe"
436,tt0140352,2019-03-07,2019-03-07,,"The Insider",https://www.imdb.com/title/tt0140352/,Movie,7.8,157,1999,"Biography, Drama, Thriller",180459,1999-11-05,"Michael Mann"
437,tt0120363,2019-03-07,2019-03-07,,"Toy Story 2",https://www.imdb.com/title/tt0120363/,Movie,7.9,92,1999,"Animation, Adventure, Comedy, Family, Fantasy",620532,1999-12-02,"John Lasseter, Ash Brannon, Lee Unkrich"
438,tt0118749,2019-03-07,2019-03-07,,"Boogie Nights",https://www.imdb.com/title/tt0118749/,Movie,7.9,155,1997,"Drama",282437,1997-10-31,"Paul Thomas Anderson"
439,tt0115751,2019-03-07,2019-03-07,,"Breaking the Waves",https://www.imdb.com/title/tt0115751/,Movie,7.8,159,1997,"Drama",71654,1997-11-05,"Lars von Trier"
440,tt0110729,2019-03-07,2019-03-07,,"Once Were Warriors",https://www.imdb.com/title/tt0110729/,Movie,7.9,102,1994,"Crime, Drama",36890,1994-12-08,"Lee Tamahori"
441,tt0109707,2019-03-07,2019-03-07,,"Ed Wood",https://www.imdb.com/title/tt0109707/,Movie,7.8,127,1994,"Biography, Comedy, Drama",184100,1994-10-07,"Tim Burton"
442,tt0108399,2019-03-07,2019-03-07,,"True Romance",https://www.imdb.com/title/tt0108399/,Movie,7.9,119,1993,"Crime, Drama, Romance, Thriller",242791,1993-09-10,"Tony Scott"
443,tt0107943,2019-03-07,2019-03-07,,"The Remains of the Day",https://www.imdb.com/title/tt0107943/,Movie,7.8,134,1993,"Drama, Romance",84599,1993-11-12,"James Ivory"
444,tt0106519,2019-03-07,2019-03-07,,"Carlito's Way",https://www.imdb.com/title/tt0106519/,Movie,7.9,144,1993,"Crime, Drama, Thriller",232635,1993-11-12,"Brian De Palma"
445,tt0106364,2019-03-07,2019-03-07,,"Batman: Mask of the Phantasm",https://www.imdb.com/title/tt0106364/,Movie,7.8,76,1993,"Animation, Action, Adventure, Crime, Family, Mystery, Sci-Fi",56952,1993-12-25,"Kevin Altieri, Boyd Kirkland, Frank Paur, Dan Riba, Eric Radomski, Bruce Timm"
446,tt0099487,2019-03-07,2019-03-07,,"Edward Scissorhands",https://www.imdb.com/title/tt0099487/,Movie,7.9,105,2013,"Drama, Fantasy, Romance",524562,2013-02-28,"Tim Burton"
447,tt0097937,2019-03-07,2019-03-07,,"My Left Foot: The Story of Christy Brown",https://www.imdb.com/title/tt0097937/,Movie,7.8,103,1989,"Biography, Drama",79861,1989-04-07,"Jim Sheridan"
448,tt0097814,2019-03-07,2019-03-07,,"Majo no takkyûbin",https://www.imdb.com/title/tt0097814/,Movie,7.8,103,1989,"Animation, Family, Fantasy",165952,1989-07-29,"Hayao Miyazaki"
449,tt0097441,2019-03-07,2019-03-07,,"Glory",https://www.imdb.com/title/tt0097441/,Movie,7.8,122,1990,"Biography, Drama, History, War",144660,1990-02-16,"Edward Zwick"
450,tt0097216,2019-03-07,2019-03-07,,"Do the Right Thing",https://www.imdb.com/title/tt0097216/,Movie,8.0,120,1989,"Comedy, Drama",112573,1989-07-21,"Spike Lee"
451,tt0094226,2019-03-07,2019-03-07,,"The Untouchables",https://www.imdb.com/title/tt0094226/,Movie,7.8,119,1987,"Crime, Drama, Thriller",331152,1987-06-03,"Brian De Palma"
452,tt0091167,2019-03-07,2019-03-07,,"Hannah and Her Sisters",https://www.imdb.com/title/tt0091167/,Movie,7.8,107,1986,"Comedy, Drama",76853,1986-03-14,"Woody Allen"
453,tt0088847,2019-03-07,2019-03-07,,"The Breakfast Club",https://www.imdb.com/title/tt0088847/,Movie,7.8,97,1985,"Comedy, Drama",437235,1985-02-18,"John Hughes"
454,tt0087553,2019-03-07,2019-03-07,,"The Killing Fields",https://www.imdb.com/title/tt0087553/,Movie,7.8,141,1984,"Biography, Drama, History, War",59345,1984-11-16,"Roland Joffé"
455,tt0086197,2019-03-07,2019-03-07,,"The Right Stuff",https://www.imdb.com/title/tt0086197/,Movie,7.8,193,1984,"Adventure, Biography, Drama, History",65414,1984-02-17,"Philip Kaufman"
456,tt0083866,2019-03-07,2019-03-07,,"E.T. the Extra-Terrestrial",https://www.imdb.com/title/tt0083866/,Movie,7.9,115,1999,"Adventure, Family, Sci-Fi",438134,1999-01-04,"Steven Spielberg"
457,tt0080455,2019-03-07,2019-03-07,,"The Blues Brothers",https://www.imdb.com/title/tt0080455/,Movie,7.9,133,1980,"Action, Adventure, Comedy, Crime, Music, Musical",214780,1980-06-20,"John Landis"
458,tt0077405,2019-03-07,2019-03-07,,"Days of Heaven",https://www.imdb.com/title/tt0077405/,Movie,7.7,94,1978,"Drama, Romance",62866,1978-10-06,"Terrence Malick"
459,tt0077402,2019-03-07,2019-03-07,,"Dawn of the Dead",https://www.imdb.com/title/tt0077402/,Movie,7.8,127,1979,"Horror, Thriller",128751,1979-12-06,"George A. Romero"
460,tt0075029,2019-03-07,2019-03-07,,"The Outlaw Josey Wales",https://www.imdb.com/title/tt0075029/,Movie,7.8,135,1976,"Drama, Western",79949,1976-06-30,"Clint Eastwood"
461,tt0073341,2019-03-07,2019-03-07,,"The Man Who Would Be King",https://www.imdb.com/title/tt0073341/,Movie,7.8,129,1975,"Adventure, Drama, War",52088,1975-12-19,"John Huston"
462,tt0071615,2019-03-07,2019-03-07,,"La montaña sagrada",https://www.imdb.com/title/tt0071615/,Movie,7.8,114,1975,"Adventure, Drama, Fantasy",48155,1975-07-11,"Alejandro Jodorowsky"
463,tt0071360,2019-03-07,2019-03-07,,"The Conversation",https://www.imdb.com/title/tt0071360/,Movie,7.7,113,1974,"Drama, Mystery, Thriller",122059,1974-04-12,"Francis Ford Coppola"
464,tt0071129,2019-03-07,2019-03-07,,"Amarcord",https://www.imdb.com/title/tt0071129/,Movie,7.8,123,1973,"Comedy, Drama",46874,1973-12-18,"Federico Fellini"
465,tt0069762,2019-03-07,2019-03-07,,"Badlands",https://www.imdb.com/title/tt0069762/,Movie,7.7,94,1974,"Action, Crime, Drama",78496,1974-01-05,"Terrence Malick"
466,tt0068361,2019-03-07,2019-03-07,,"Le charme discret de la bourgeoisie",https://www.imdb.com/title/tt0068361/,Movie,7.8,102,1987,"Comedy, Drama, Fantasy",46909,1987-09-14,"Luis Buñuel"
467,tt0064665,2019-03-07,2019-03-07,,"Midnight Cowboy",https://www.imdb.com/title/tt0064665/,Movie,7.8,113,1969,"Drama",121015,1969-05-25,"John Schlesinger"
468,tt0063350,2019-03-07,2019-03-07,,"Night of the Living Dead",https://www.imdb.com/title/tt0063350/,Movie,7.8,96,1979,"Horror, Thriller",139323,1979-05-25,"George A. Romero"
469,tt0061418,2019-03-07,2019-03-07,,"Bonnie and Clyde",https://www.imdb.com/title/tt0061418/,Movie,7.7,111,1967,"Action, Biography, Crime, Drama",120725,1967-08-14,"Arthur Penn"
470,tt0055032,2019-03-07,2019-03-07,,"Jules et Jim",https://www.imdb.com/title/tt0055032/,Movie,7.7,105,1962,"Drama, Romance",44470,1962-01-23,"François Truffaut"
471,tt0054331,2019-03-07,2019-03-07,,"Spartacus",https://www.imdb.com/title/tt0054331/,Movie,7.9,197,1967,"Adventure, Biography, Drama, History, War",143394,1967-03-20,"Stanley Kubrick, Anthony Mann"
472,tt0053472,2019-03-07,2019-03-07,,"À bout de souffle",https://www.imdb.com/title/tt0053472/,Movie,7.7,90,2021,"Crime, Drama",88040,2021-08-05,"Jean-Luc Godard"
473,tt0049833,2019-03-07,2019-03-07,,"The Ten Commandments",https://www.imdb.com/title/tt0049833/,Movie,7.9,220,1956,"Adventure, Drama, Family, History",78000,1956-10-05,"Cecil B. DeMille"
474,tt0043265,2019-03-07,2019-03-07,,"The African Queen",https://www.imdb.com/title/tt0043265/,Movie,7.7,105,1952,"Adventure, Drama, Romance, War",84377,1952-03-21,"John Huston"
475,tt0040506,2019-03-07,2019-03-07,,"Key Largo",https://www.imdb.com/title/tt0040506/,Movie,7.7,100,1948,"Action, Crime, Drama, Film-Noir, Thriller",44024,1948-07-31,"John Huston"
476,tt0039628,2019-03-07,2019-03-07,,"Miracle on 34th Street",https://www.imdb.com/title/tt0039628/,Movie,7.9,96,1947,"Comedy, Drama, Family",54950,1947-07-04,"George Seaton"
477,tt0037382,2019-03-07,2019-03-07,,"To Have and Have Not",https://www.imdb.com/title/tt0037382/,Movie,7.8,100,1945,"Adventure, Comedy, Film-Noir, Romance, Thriller, War",38035,1945-01-20,"Howard Hawks"
478,tt0036342,2019-03-07,2019-03-07,,"Shadow of a Doubt",https://www.imdb.com/title/tt0036342/,Movie,7.8,108,1943,"Film-Noir, Thriller",70594,1943-01-15,"Alfred Hitchcock"
479,tt0031971,2019-03-07,2019-03-07,,"Stagecoach",https://www.imdb.com/title/tt0031971/,Movie,7.8,96,1948,"Adventure, Drama, Western",53853,1948-12-09,"John Ford"
480,tt0030341,2019-03-07,2019-03-07,,"The Lady Vanishes",https://www.imdb.com/title/tt0030341/,Movie,7.7,96,1938,"Mystery, Thriller",57223,1938-11-01,"Alfred Hitchcock"
481,tt0026138,2019-03-07,2019-03-07,,"Bride of Frankenstein",https://www.imdb.com/title/tt0026138/,Movie,7.8,75,1935,"Drama, Horror, Sci-Fi",53330,1935-12-16,"James Whale"
482,tt0024216,2019-03-07,2019-03-07,,"King Kong",https://www.imdb.com/title/tt0024216/,Movie,7.9,100,1934,"Adventure, Horror",91079,1934-05-01,"Merian C. Cooper, Ernest B. Schoedsack"
483,tt0022913,2019-03-07,2019-03-07,,"Freaks",https://www.imdb.com/title/tt0022913/,Movie,7.8,64,1932,"Drama, Horror",50670,1932-02-20,"Tod Browning"
484,tt0021884,2019-03-07,2019-03-07,,"Frankenstein",https://www.imdb.com/title/tt0021884/,Movie,7.8,70,1932,"Drama, Horror, Sci-Fi, Thriller",79836,1932-12-10,"James Whale"
485,tt0338564,2019-03-07,2019-03-07,,"Mou gaan dou",https://www.imdb.com/title/tt0338564/,Movie,8.0,101,2002,"Action, Crime, Drama, Mystery, Thriller",131597,2002-12-12,"Andrew Lau, Alan Mak"
486,tt0056218,2019-03-07,2019-03-07,,"The Manchurian Candidate",https://www.imdb.com/title/tt0056218/,Movie,7.9,126,1962,"Drama, Thriller",79921,1962-10-24,"John Frankenheimer"
487,tt0756683,2019-03-07,2019-03-07,,"The Man from Earth",https://www.imdb.com/title/tt0756683/,Movie,7.8,87,2007,"Drama, Fantasy, Mystery, Sci-Fi",200450,2007-11-13,"Richard Schenkman"
